date,reemp_time,skill,psavert,pce,population,reemp_count,promote_count
2010/01/01,7,IT编程,8.826160773208402,657.7872757112915,300000,90,38
2010/01/02,6,会计,8.463299083577756,531.8978673958832,300050,103,48
2010/01/03,3,IT编程,11.02520511994567,629.2248447586683,300100,98,45
2010/01/04,12,会计,9.83510917064487,617.8281785575601,300150,114,30
2010/01/05,7,IT编程,13.595272818218668,686.7903197702822,300200,109,34
2010/01/06,29,机械维修,6.466698256945912,567.214732725809,300250,80,32
2010/01/07,8,会计,8.413805906049987,517.0405682433325,300300,95,42
2010/01/08,12,教育教学,10.118721943968167,563.3206094369813,300350,106,40
2010/01/09,11,教育教学,9.097249119463802,589.1214367642592,300400,110,45
2010/01/10,2,教育教学,12.115924273806172,605.3488931406879,300450,112,38
2010/01/11,36,烹饪,6.2922313431517995,515.4313180076417,300500,46,23
2010/01/12,13,IT编程,9.434791436965199,570.0993075879418,300550,111,41
2010/01/13,13,教育教学,9.450870160701971,572.592199113919,300600,97,33
2010/01/14,4,会计,12.142403930844758,679.3612583881765,300650,91,35
2010/01/15,23,市场营销,7.268697167300861,578.8035444557415,300700,67,36
2010/01/16,14,会计,7.340420017822186,626.8694990602953,300750,116,37
2010/01/17,41,护理服务,4.927968302136603,493.9018131365266,300800,56,16
2010/01/18,3,IT编程,13.016243326267697,614.0506619588286,300850,111,37
2010/01/19,28,机械维修,7.836479775075933,619.2293188456484,300900,64,29
2010/01/20,4,教育教学,12.700841657796976,615.2963770975429,300950,82,41
2010/01/21,5,教育教学,10.488949616903186,610.0885130823197,301000,114,47
2010/01/22,11,教育教学,8.27155085399748,576.8851490430658,301050,108,39
2010/01/23,22,市场营销,9.17233535206831,601.8624338229494,301100,85,31
2010/01/24,4,教育教学,13.607266433235953,545.3711185509019,301150,84,48
2010/01/25,22,烹饪,9.877473247468302,619.7272691380916,301200,48,16
2010/01/26,26,市场营销,6.6921755649442005,588.3863456610001,301250,83,21
2010/01/27,10,IT编程,7.8621147166497645,573.3546659499731,301300,93,42
2010/01/28,3,教育教学,12.404689911322906,671.2602941244594,301350,109,47
2010/01/29,12,IT编程,7.722022748072937,465.0238135867853,301400,103,46
2010/01/30,13,教育教学,6.301386282311888,488.84307346450726,301450,106,47
2010/01/31,1,IT编程,12.223253759260897,634.7289068684154,301500,93,42
2010/02/01,11,IT编程,5.930620501402052,453.6238114927854,301550,117,48
2010/02/02,11,教育教学,9.541785034508766,520.4110010418676,301600,113,36
2010/02/03,9,会计,11.106530559420841,634.3914720712781,301650,87,38
2010/02/04,29,护理服务,3.628497847076564,373.4487012093186,301700,55,13
2010/02/05,13,教育教学,8.267468820965806,531.4876961893066,301750,84,33
2010/02/06,26,护理服务,7.279775026377067,585.4091532211836,301800,66,12
2010/02/07,44,美容美发,4.223172387836685,526.4522359855457,301850,63,13
2010/02/08,13,IT编程,9.160517387761894,618.222037503394,301900,108,47
2010/02/09,19,机械维修,7.291418915210484,629.5453910441092,301950,79,38
2010/02/10,24,市场营销,7.233629636291799,531.103413752843,302000,81,28
2010/02/11,17,市场营销,5.8385731965786825,556.1772523520225,302050,79,39
2010/02/12,22,市场营销,7.361156667855331,490.3973062040397,302100,86,26
2010/02/13,12,IT编程,7.174876821156074,394.8787263615045,302150,91,31
2010/02/14,4,IT编程,10.657752896036381,615.3808808928275,302200,116,43
2010/02/15,33,美容美发,8.449650675244092,602.7910355555011,302250,47,14
2010/02/16,13,教育教学,13.325152734944073,665.6702830891727,302300,81,40
2010/02/17,6,教育教学,10.618414026750935,574.5814192032034,302350,91,38
2010/02/18,8,会计,13.954742311452907,684.0061075955257,302400,108,43
2010/02/19,21,机械维修,5.253555229942532,418.81963690464806,302450,83,27
2010/02/20,15,市场营销,6.101414140243002,488.86134261876634,302500,67,31
2010/02/21,2,教育教学,11.714559159963677,623.3943546710999,302550,111,45
2010/02/22,3,IT编程,10.280693893514684,576.7894999590018,302600,102,44
2010/02/23,13,市场营销,9.861627513492962,626.8972784451396,302650,71,29
2010/02/24,35,烹饪,2.4032795115400507,492.4349744568289,302700,40,24
2010/02/25,11,教育教学,11.079317169719433,569.8644295514545,302750,95,41
2010/02/26,30,护理服务,4.883726780466889,443.9953584016395,302800,69,18
2010/02/27,8,教育教学,9.418198478176134,555.6739608522232,302850,87,45
2010/02/28,2,教育教学,13.538605285867837,605.500969449837,302900,98,33
2010/03/01,21,美容美发,9.332158524961088,637.9591924588636,302950,44,23
2010/03/02,18,机械维修,8.732739084965152,660.2737449421895,303000,76,33
2010/03/03,23,烹饪,6.392652462210105,559.8932822904021,303050,40,21
2010/03/04,14,市场营销,9.890140054239923,655.2653037881845,303100,70,25
2010/03/05,41,烹饪,4.071357130301621,535.0944354729075,303150,55,19
2010/03/06,36,烹饪,7.298538951344606,505.1027252276166,303200,49,10
2010/03/07,18,市场营销,5.252764976068886,572.3440924829849,303250,66,39
2010/03/08,19,机械维修,7.750301523121761,571.280232677066,303300,69,34
2010/03/09,31,护理服务,6.119977482572363,503.93623895998365,303350,49,11
2010/03/10,22,市场营销,7.380091979591029,545.7583188426897,303400,68,27
2010/03/11,22,美容美发,8.72816320447122,546.8384836532608,303450,61,25
2010/03/12,2,教育教学,11.719521353772615,676.7779412743964,303500,89,30
2010/03/13,32,美容美发,5.602678582361114,510.1628441773189,303550,50,12
2010/03/14,37,烹饪,3.706566684195607,498.4764723349014,303600,54,27
2010/03/15,11,会计,8.52385116989358,515.145843118293,303650,87,42
2010/03/16,16,机械维修,8.72849275487006,628.3335943920772,303700,74,34
2010/03/17,26,市场营销,6.684696281627774,642.9586044702673,303750,65,23
2010/03/18,11,会计,9.12943912064302,574.4479108180406,303800,106,32
2010/03/19,11,IT编程,11.076713448261096,585.9781466360283,303850,87,44
2010/03/20,11,教育教学,7.52841573221186,545.2838383100361,303900,117,34
2010/03/21,12,IT编程,5.760992734484034,527.296600172954,303950,101,37
2010/03/22,11,会计,11.814742184254804,567.2278289606252,304000,109,37
2010/03/23,5,IT编程,12.397808572750021,683.0153798024464,304050,82,45
2010/03/24,13,IT编程,8.604991762823122,503.96602792357754,304100,107,32
2010/03/25,1,IT编程,12.164623586346927,545.2095146627181,304150,111,31
2010/03/26,10,机械维修,10.41667996434236,582.6212092332826,304200,87,21
2010/03/27,41,护理服务,3.9232927710519716,555.5428968871167,304250,50,15
2010/03/28,8,IT编程,9.558939891257998,540.4053890648697,304300,108,36
2010/03/29,30,美容美发,5.4480490994610165,490.125894378307,304350,55,21
2010/03/30,42,护理服务,2.0,412.1897132053589,304400,52,12
2010/03/31,12,IT编程,9.39340598445826,583.5026327527473,304450,93,31
2010/04/01,28,市场营销,7.139386978018996,585.6426753146275,304500,88,33
2010/04/02,13,教育教学,10.594358129938227,576.3967666918056,304550,101,35
2010/04/03,7,教育教学,12.757161218060764,608.0404343517401,304600,86,32
2010/04/04,13,教育教学,8.869382140063596,497.9253233315202,304650,100,30
2010/04/05,24,市场营销,9.2435211344325,577.2479372269516,304700,72,30
2010/04/06,10,教育教学,9.698704388366695,608.2136671850869,304750,115,47
2010/04/07,23,美容美发,6.354948204050319,581.4080800493404,304800,69,24
2010/04/08,4,教育教学,8.79598998994771,539.769000908855,304850,87,44
2010/04/09,13,会计,10.777491627883869,627.6823661553726,304900,88,43
2010/04/10,28,烹饪,4.687820358117737,488.9759401606742,304950,50,16
2010/04/11,19,市场营销,6.926915627882451,415.79707855397135,305000,84,31
2010/04/12,27,护理服务,5.401445140880979,437.72858935844744,305050,45,13
2010/04/13,13,市场营销,6.251413030206748,475.91757403475117,305100,83,30
2010/04/14,28,护理服务,5.838768661261824,528.1656873450067,305150,45,13
2010/04/15,3,教育教学,9.936900357791242,531.6504197676497,305200,92,36
2010/04/16,10,教育教学,8.204615123655964,509.9455488639975,305250,92,40
2010/04/17,4,教育教学,11.667140040137078,625.0181180973814,305300,88,38
2010/04/18,9,教育教学,10.247024712152449,587.0722879073923,305350,111,39
2010/04/19,10,教育教学,11.511746924318143,587.834755689069,305400,92,48
2010/04/20,13,IT编程,11.822037901493285,679.7123308798932,305450,85,39
2010/04/21,25,市场营销,6.135066206650448,484.7093898759739,305500,73,20
2010/04/22,24,市场营销,7.98087972999331,583.2067081116434,305550,83,20
2010/04/23,29,护理服务,5.592236714277185,616.0027072587118,305600,52,10
2010/04/24,11,教育教学,7.980854422833559,515.6588725414792,305650,103,49
2010/04/25,10,市场营销,11.349421947325448,597.0949087868098,305700,82,37
2010/04/26,21,市场营销,7.932121859919375,509.25650507771167,305750,62,39
2010/04/27,25,市场营销,7.65935775589723,537.3502312058393,305800,80,31
2010/04/28,7,IT编程,10.067697519399264,591.9644382796869,305850,83,40
2010/04/29,8,IT编程,10.419490294828988,574.949979796559,305900,89,37
2010/04/30,21,市场营销,7.975877394760554,599.1747725505207,305950,65,39
2010/05/01,8,教育教学,9.907818777855283,600.0226589701022,306000,104,49
2010/05/02,27,美容美发,6.304127393181532,469.40507115584666,306050,51,14
2010/05/03,13,IT编程,8.774102255542811,548.8563545555185,306100,112,48
2010/05/04,8,教育教学,10.284316118840543,640.0274763215232,306150,102,44
2010/05/05,38,护理服务,6.315317070335212,545.1218208641187,306200,60,19
2010/05/06,6,教育教学,9.661330675173641,721.0292730245296,306250,92,48
2010/05/07,28,护理服务,4.959164619391495,499.8616703305406,306300,69,28
2010/05/08,27,烹饪,5.99880095558747,508.96631428047635,306350,67,18
2010/05/09,29,市场营销,6.506307700146469,567.0256195234488,306400,66,30
2010/05/10,7,会计,10.524585630596047,626.8179157609458,306450,111,42
2010/05/11,12,会计,8.87382090377509,592.0987372905723,306500,82,35
2010/05/12,36,护理服务,5.483233419666661,557.1011504242591,306550,40,29
2010/05/13,6,IT编程,10.094447167105924,629.9522934939465,306600,96,41
2010/05/14,13,教育教学,8.247417425407281,576.5562181727922,306650,92,45
2010/05/15,38,美容美发,6.049034092116106,544.2953694154975,306700,64,27
2010/05/16,13,IT编程,9.555627999945616,584.7411983864363,306750,96,36
2010/05/17,7,教育教学,10.715617372711819,645.124099965011,306800,101,43
2010/05/18,2,教育教学,12.184498731505483,649.52610363367,306850,85,45
2010/05/19,15,机械维修,8.145221740672376,576.8296239554312,306900,68,38
2010/05/20,23,市场营销,7.529746399545208,610.8329011611816,306950,87,30
2010/05/21,23,市场营销,6.955185877713712,552.974580959227,307000,60,34
2010/05/22,21,烹饪,8.49860818647281,557.7958988537125,307050,67,29
2010/05/23,10,会计,11.030498794680579,655.6970629434301,307100,109,40
2010/05/24,39,烹饪,3.8680683383695365,440.28665867703194,307150,50,26
2010/05/25,3,会计,12.670448717086858,656.4525109289988,307200,110,47
2010/05/26,1,会计,12.134788519190408,597.8257353863366,307250,84,34
2010/05/27,38,烹饪,4.0409213321918624,480.9884042993397,307300,69,18
2010/05/28,33,美容美发,5.319955802249185,494.0937198266638,307350,58,12
2010/05/29,10,教育教学,11.087749439075349,608.7250034898973,307400,104,30
2010/05/30,24,市场营销,6.898332216537625,609.3772143623912,307450,85,35
2010/05/31,37,美容美发,6.7455899770107335,503.5971933635965,307500,45,10
2010/06/01,28,机械维修,5.593641226922997,575.624682879737,307550,66,35
2010/06/02,20,烹饪,7.588703299209675,597.8585281149866,307600,63,29
2010/06/03,10,IT编程,10.770559994218551,565.9869262597224,307650,97,43
2010/06/04,6,IT编程,10.525957757627785,660.0978477677281,307700,119,31
2010/06/05,22,机械维修,8.420757773646685,541.7786751617041,307750,71,22
2010/06/06,25,美容美发,6.120576893631224,541.2751638124403,307800,62,15
2010/06/07,1,IT编程,13.02666896160659,725.0034714183441,307850,87,31
2010/06/08,11,机械维修,11.607950666115931,652.2497421176553,307900,82,21
2010/06/09,2,IT编程,11.765851113119846,622.0722036637336,307950,117,38
2010/06/10,20,美容美发,6.76823745026829,445.6905372227453,308000,45,20
2010/06/11,9,IT编程,9.712009079463915,586.2824331974159,308050,82,34
2010/06/12,1,会计,11.889714079444204,592.28530003422,308100,108,45
2010/06/13,34,美容美发,7.598299254851255,573.0176417597289,308150,63,27
2010/06/14,37,护理服务,4.277389098067855,508.6352139074432,308200,49,14
2010/06/15,7,教育教学,12.080223625149765,623.7780562946901,308250,86,39
2010/06/16,13,机械维修,7.674694122783385,543.8094031184547,308300,66,21
2010/06/17,14,机械维修,4.51150413802068,540.4487208591042,308350,73,23
2010/06/18,26,市场营销,5.413708743814183,549.1389252353778,308400,76,23
2010/06/19,43,美容美发,4.506729579827047,558.2779686382097,308450,64,19
2010/06/20,9,IT编程,8.622755010110525,661.5859754089105,308500,113,45
2010/06/21,11,IT编程,6.161552376784315,438.6499617209228,308550,105,37
2010/06/22,6,会计,10.665030437275412,564.200285379321,308600,80,34
2010/06/23,35,美容美发,4.0496420420564,466.37432974105315,308650,59,10
2010/06/24,44,美容美发,3.4350728190312143,446.37101784181255,308700,65,11
2010/06/25,36,护理服务,7.42256167996043,578.1555193904796,308750,49,18
2010/06/26,11,市场营销,11.088998448623645,567.7451875795056,308800,78,32
2010/06/27,44,烹饪,5.404990694163828,493.86489232852784,308850,66,10
2010/06/28,1,IT编程,12.918084317972214,766.8446094247482,308900,91,35
2010/06/29,12,IT编程,10.372350913547786,601.3823257831746,308950,119,41
2010/06/30,14,教育教学,9.806804964743783,591.719605402841,309000,98,31
2010/07/01,38,美容美发,3.548916048622927,520.777619482533,309050,49,28
2010/07/02,8,会计,9.330054878613865,540.7303484069681,309100,80,39
2010/07/03,14,会计,9.296635485167387,584.1114031827934,309150,107,35
2010/07/04,7,教育教学,9.125780707153277,547.219639016578,309200,101,47
2010/07/05,21,烹饪,9.15831038091932,587.4489479016173,309250,50,29
2010/07/06,8,会计,9.515602644211178,521.0435550938613,309300,96,32
2010/07/07,28,护理服务,5.089775125214286,515.5263771634912,309350,46,15
2010/07/08,9,IT编程,10.735067806003144,522.9617406068674,309400,80,47
2010/07/09,13,IT编程,9.222515820137373,665.7455132735207,309450,106,39
2010/07/10,1,会计,9.909454447340188,622.9565802737742,309500,110,39
2010/07/11,22,护理服务,8.167698580793195,606.4634370452792,309550,64,27
2010/07/12,13,教育教学,7.836211900118584,540.414180206796,309600,96,47
2010/07/13,33,美容美发,8.697681708765781,643.7988512589211,309650,44,22
2010/07/14,44,美容美发,2.6909383806677836,469.7142761728448,309700,64,12
2010/07/15,13,教育教学,9.64549153025498,633.6988951182665,309750,91,40
2010/07/16,2,IT编程,10.231382942715243,653.501975927946,309800,97,30
2010/07/17,1,会计,12.688598223570546,695.5833708468816,309850,83,42
2010/07/18,25,美容美发,7.491485467436032,473.80001996643483,309900,67,11
2010/07/19,14,IT编程,9.181175356070344,630.8947115850787,309950,107,45
2010/07/20,8,教育教学,10.595687458609614,652.3564739574899,310000,113,40
2010/07/21,44,烹饪,2.2262642663562104,483.24652323487965,310050,43,19
2010/07/22,29,美容美发,9.974035598610113,630.6666497690189,310100,46,21
2010/07/23,29,市场营销,5.792507586399158,579.4249672914029,310150,70,26
2010/07/24,9,IT编程,12.227395099922683,640.2836027888054,310200,85,45
2010/07/25,15,市场营销,11.594071234422325,595.2196569915777,310250,86,35
2010/07/26,21,市场营销,9.618529265611564,588.5663172352005,310300,72,21
2010/07/27,12,教育教学,11.478483793848962,659.2693438423313,310350,89,34
2010/07/28,5,教育教学,12.85360563161837,684.4660993463322,310400,95,44
2010/07/29,34,护理服务,3.4182975006544156,568.8413602582531,310450,68,28
2010/07/30,31,烹饪,5.746591511195574,452.90232360674685,310500,61,23
2010/07/31,13,教育教学,11.048819239318572,596.4008678473632,310550,104,44
2010/08/01,6,教育教学,10.012374347029331,653.4483963633816,310600,82,47
2010/08/02,8,教育教学,15.021016652750049,697.1390754600297,310650,94,49
2010/08/03,33,烹饪,4.6516056012108695,510.9757169774115,310700,42,28
2010/08/04,2,会计,11.716682236715583,700.3383568207829,310750,116,32
2010/08/05,25,市场营销,8.356678103500634,614.5764113359312,310800,67,37
2010/08/06,7,教育教学,11.160539089285454,665.3379164234219,310850,112,45
2010/08/07,6,IT编程,11.836757874027379,617.0262840309613,310900,101,32
2010/08/08,35,烹饪,4.487255842587993,547.2152938255875,310950,58,13
2010/08/09,14,市场营销,10.206774745175853,564.7442153293982,311000,78,30
2010/08/10,44,护理服务,4.246733437837694,433.5227192021341,311050,46,24
2010/08/11,34,烹饪,5.679243118974428,579.5012616526591,311100,55,25
2010/08/12,11,教育教学,9.773046256835137,591.3415954021399,311150,117,48
2010/08/13,4,IT编程,11.80957307172561,588.9903421030749,311200,87,34
2010/08/14,23,护理服务,7.0388962033067495,590.2114889579664,311250,55,27
2010/08/15,10,教育教学,11.810426338533386,561.8423011867104,311300,99,40
2010/08/16,28,美容美发,4.931003862862432,415.3385354248759,311350,43,11
2010/08/17,6,IT编程,10.900727254617172,621.6513481013068,311400,97,41
2010/08/18,12,机械维修,7.969347427669561,569.0897004897356,311450,62,33
2010/08/19,5,会计,11.221734389425992,689.3480735957074,311500,100,48
2010/08/20,9,会计,12.322083644803705,632.8347435821117,311550,83,42
2010/08/21,30,烹饪,5.697478861724535,546.2064937560363,311600,43,11
2010/08/22,12,机械维修,9.339756884736008,634.1336610500292,311650,67,39
2010/08/23,26,护理服务,7.248004536138155,625.1422072430234,311700,45,23
2010/08/24,7,IT编程,11.209229396743988,701.9458752537109,311750,104,32
2010/08/25,38,护理服务,5.453188872078615,516.930552897802,311800,45,28
2010/08/26,33,护理服务,4.151520677820981,531.3806926861951,311850,58,11
2010/08/27,13,IT编程,10.7570611125968,624.8348744815158,311900,96,48
2010/08/28,14,教育教学,8.049586314993746,569.7477518881819,311950,117,40
2010/08/29,8,教育教学,10.626457272678723,759.912025070664,312000,118,39
2010/08/30,26,机械维修,6.629418046338406,531.7785995326553,312050,76,33
2010/08/31,17,市场营销,6.484023960127519,527.0442432388377,312100,71,23
2010/09/01,13,市场营销,9.3445142727279,586.2699353191088,312150,71,23
2010/09/02,10,教育教学,7.759892092229298,410.8620915266413,312200,96,47
2010/09/03,20,市场营销,10.181917365754341,605.4838152222229,312250,71,31
2010/09/04,3,会计,11.700159319312851,612.4202450436698,312300,111,42
2010/09/05,41,美容美发,4.199148532329198,501.0455665065957,312350,48,16
2010/09/06,13,市场营销,7.4958493549196605,595.0192342134292,312400,71,32
2010/09/07,43,护理服务,5.250413812626597,526.1506912496094,312450,69,26
2010/09/08,28,烹饪,8.363076213651363,568.9532390213162,312500,67,12
2010/09/09,5,IT编程,10.784363999524954,578.6105781987807,312550,100,40
2010/09/10,36,烹饪,2.797287942675657,435.7420809308489,312600,47,28
2010/09/11,28,烹饪,6.4194341375185155,508.49069316631284,312650,68,19
2010/09/12,10,市场营销,8.348155076692336,558.413371536698,312700,60,20
2010/09/13,24,烹饪,8.497345567471347,563.0601746169053,312750,57,29
2010/09/14,27,烹饪,10.313140785989948,608.2054433745575,312800,68,29
2010/09/15,3,教育教学,9.720324172991807,513.9826728194536,312850,106,38
2010/09/16,29,美容美发,8.786584593442027,575.0486804456285,312900,69,10
2010/09/17,19,市场营销,10.705294624552497,680.1808573699434,312950,85,20
2010/09/18,12,IT编程,8.170498548531901,632.9035861072739,313000,96,41
2010/09/19,37,美容美发,6.71175181227307,580.2820964700337,313050,52,10
2010/09/20,39,美容美发,4.2209681440298,407.2884349132482,313100,61,10
2010/09/21,14,市场营销,10.235206137739194,728.0138434567377,313150,69,31
2010/09/22,29,机械维修,6.6772597594012835,538.5785524083022,313200,75,25
2010/09/23,3,IT编程,12.050739163636951,653.1289810258072,313250,96,33
2010/09/24,22,机械维修,8.771762888139724,596.5271388449045,313300,72,20
2010/09/25,27,烹饪,6.514907545253882,504.74062118534675,313350,48,17
2010/09/26,36,烹饪,2.748670121306181,375.3618186205732,313400,41,12
2010/09/27,19,市场营销,6.917908986800967,517.683059769659,313450,78,34
2010/09/28,24,美容美发,5.242270865978986,511.55566165909687,313500,45,24
2010/09/29,13,IT编程,9.560618452277492,494.14256251257535,313550,114,42
2010/09/30,22,机械维修,6.559083339122571,529.9901283157644,313600,79,28
2010/10/01,23,美容美发,5.154910726539786,504.0922462864762,313650,51,24
2010/10/02,26,市场营销,6.572919474099462,602.273485667452,313700,83,30
2010/10/03,42,护理服务,2.0,428.1500505440529,313750,61,11
2010/10/04,2,IT编程,11.39111820577931,596.7956142990985,313800,119,42
2010/10/05,3,教育教学,13.63615733972139,632.83750034553,313850,89,43
2010/10/06,11,IT编程,11.798395861810953,569.0773529050315,313900,112,31
2010/10/07,14,机械维修,9.427196864384227,635.9324430023854,313950,79,26
2010/10/08,18,机械维修,7.916081327359747,512.3786071286925,314000,84,29
2010/10/09,8,IT编程,8.680004524634699,599.0532319335372,314050,117,31
2010/10/10,40,美容美发,3.222361890457564,479.02260240194346,314100,64,14
2010/10/11,34,美容美发,4.565961620538352,423.6321128953696,314150,67,18
2010/10/12,23,护理服务,8.60475208298729,596.5374762345965,314200,45,10
2010/10/13,8,教育教学,11.86104454797724,540.2886576078306,314250,93,44
2010/10/14,37,护理服务,3.751160969496806,398.77236227250995,314300,45,13
2010/10/15,8,教育教学,12.096720542261805,653.125758806105,314350,102,41
2010/10/16,3,教育教学,9.374542694759782,638.2953557414561,314400,106,40
2010/10/17,4,教育教学,10.215844185081256,619.0821919192937,314450,103,44
2010/10/18,39,烹饪,4.567287618696538,433.6537143293344,314500,53,10
2010/10/19,10,会计,8.614911339065763,612.9382447096973,314550,117,49
2010/10/20,21,机械维修,5.61989941932476,567.218246438488,314600,68,30
2010/10/21,23,美容美发,8.555442927117735,552.3123739669833,314650,41,28
2010/10/22,4,IT编程,13.02644776060747,595.336749147644,314700,117,45
2010/10/23,1,IT编程,13.167526391054903,685.161077141836,314750,99,43
2010/10/24,25,机械维修,7.9812180790885545,584.252923591719,314800,74,32
2010/10/25,9,IT编程,6.700227434245084,438.9824235306238,314850,92,33
2010/10/26,28,烹饪,6.599256692639004,562.0523213283141,314900,43,23
2010/10/27,37,烹饪,7.446927688745953,465.9049362589334,314950,55,20
2010/10/28,29,护理服务,8.322082293164174,548.0896637029164,315000,48,12
2010/10/29,21,美容美发,9.066246846168939,436.3373866790132,315050,50,21
2010/10/30,39,烹饪,3.79806339621189,470.5244725305103,315100,66,27
2010/10/31,18,市场营销,8.325215471511672,543.7296008815939,315150,83,32
2010/11/01,15,市场营销,7.722257518393633,581.517574898775,315200,87,34
2010/11/02,11,会计,11.511869404599706,645.4398216105233,315250,102,49
2010/11/03,38,美容美发,2.342574536156789,386.2390805930042,315300,60,27
2010/11/04,2,会计,10.509321695284077,655.04456884405,315350,84,33
2010/11/05,19,机械维修,8.352616259811406,541.180281730575,315400,74,24
2010/11/06,24,市场营销,6.54762738550312,461.3490311817247,315450,81,22
2010/11/07,8,IT编程,8.94141409652801,481.4304599786032,315500,114,43
2010/11/08,20,美容美发,8.373628968438307,638.8243679581076,315550,62,24
2010/11/09,4,会计,9.750983464253208,619.1715132580856,315600,91,49
2010/11/10,18,市场营销,6.751584099866401,560.4855187970144,315650,68,22
2010/11/11,23,市场营销,5.94151649236643,460.6067306463604,315700,74,34
2010/11/12,23,机械维修,6.511610098041332,510.9543618152288,315750,87,38
2010/11/13,20,美容美发,8.460902640868724,564.1460685142654,315800,43,19
2010/11/14,32,美容美发,4.430921540454575,529.4998978292989,315850,42,17
2010/11/15,34,护理服务,3.7060374477578484,468.10894614092496,315900,65,11
2010/11/16,1,IT编程,10.940818583561136,659.3354893679468,315950,110,45
2010/11/17,10,会计,11.116202809647515,600.1101586623752,316000,107,48
2010/11/18,4,IT编程,9.782259325171442,616.5962793969659,316050,87,47
2010/11/19,4,IT编程,12.214764424186171,663.0751796519406,316100,110,47
2010/11/20,18,市场营销,8.444671979060308,607.3713854936843,316150,77,22
2010/11/21,6,教育教学,9.78275149773605,632.2578675929061,316200,99,49
2010/11/22,7,IT编程,9.80817780427885,611.0758979096443,316250,98,49
2010/11/23,29,护理服务,5.208129018603311,592.221466854709,316300,43,12
2010/11/24,12,教育教学,12.081343599601404,707.9516537768305,316350,103,45
2010/11/25,6,会计,11.056129739238328,669.512098195181,316400,84,31
2010/11/26,11,IT编程,10.638089997027786,738.270831978928,316450,110,39
2010/11/27,35,烹饪,6.172251523282693,587.1561393872297,316500,60,10
2010/11/28,21,美容美发,7.244825584390943,533.93291288776,316550,45,29
2010/11/29,11,教育教学,11.464290134636684,638.9108603956722,316600,87,31
2010/11/30,8,IT编程,10.83486439728304,625.1393003980918,316650,103,44
2010/12/01,3,IT编程,12.925543482304127,639.9433532636589,316700,111,42
2010/12/02,24,机械维修,5.684389795440868,524.1747016615025,316750,67,26
2010/12/03,6,会计,11.80676284677337,651.8859620851421,316800,83,37
2010/12/04,26,美容美发,7.307029562539823,560.3120314439126,316850,59,21
2010/12/05,13,IT编程,13.0576369196969,719.5294214771678,316900,84,33
2010/12/06,40,护理服务,2.266829876858706,440.33071010681374,316950,64,17
2010/12/07,17,市场营销,6.423110212144834,535.3401423668842,317000,64,22
2010/12/08,32,护理服务,3.7228312092358906,397.7701053023802,317050,58,14
2010/12/09,10,IT编程,9.851073302759904,663.6730415370616,317100,86,45
2010/12/10,19,机械维修,8.28007038182566,531.1241917603111,317150,73,21
2010/12/11,24,机械维修,10.273535155845515,669.3871529065805,317200,65,37
2010/12/12,26,美容美发,5.846926330134133,613.4693800217219,317250,53,10
2010/12/13,10,教育教学,10.460622344123067,556.0628292896474,317300,87,39
2010/12/14,10,教育教学,8.709718655632182,606.9861318030758,317350,108,31
2010/12/15,3,IT编程,8.816275179118627,557.9998856505885,317400,115,40
2010/12/16,10,IT编程,10.221030608656914,607.6242622363113,317450,115,39
2010/12/17,10,教育教学,11.26501531547987,614.60992739671,317500,106,44
2010/12/18,5,教育教学,12.79633909126119,696.9027541339254,317550,84,49
2010/12/19,13,IT编程,8.364994574017139,587.9348899059911,317600,107,45
2010/12/20,14,IT编程,12.622316890226134,655.266100014336,317650,93,33
2010/12/21,18,机械维修,7.193089176981433,569.7265134333863,317700,78,31
2010/12/22,27,机械维修,6.978631209401687,504.00896975193257,317750,63,35
2010/12/23,22,市场营销,5.880615075210233,501.2940623538384,317800,64,36
2010/12/24,17,市场营销,6.5834205631517,594.4589478265249,317850,63,36
2010/12/25,35,烹饪,5.071971433486067,534.2169262538733,317900,68,24
2010/12/26,14,市场营销,12.0295188970598,623.8818322560926,317950,85,37
2010/12/27,12,会计,10.732034674502847,657.7339056682817,318000,104,49
2010/12/28,6,IT编程,8.926811994267057,551.3255851367333,318050,92,30
2010/12/29,22,烹饪,7.716834085793391,570.8659089330487,318100,65,17
2010/12/30,6,IT编程,10.220290602363967,656.083672963196,318150,88,36
2010/12/31,20,市场营销,8.060824129853904,505.577965679076,318200,77,33
2011/01/01,1,教育教学,12.482036970450363,692.5083941496107,318250,118,30
2011/01/02,22,机械维修,9.711204544812626,606.4101476041866,318300,63,32
2011/01/03,3,IT编程,11.312316219744051,642.9155645777546,318350,84,32
2011/01/04,10,市场营销,10.207292319740763,604.557836676116,318400,76,20
2011/01/05,12,IT编程,9.018536579033567,591.8458059216559,318450,105,31
2011/01/06,25,市场营销,4.605847688253768,433.9646852576182,318500,71,31
2011/01/07,29,机械维修,5.61840619054008,452.0330635748211,318550,74,28
2011/01/08,39,护理服务,3.184618609672664,518.8432003291847,318600,64,24
2011/01/09,29,护理服务,8.07910066893765,532.9624803200642,318650,53,26
2011/01/10,11,教育教学,12.527624559746165,641.3103923037918,318700,101,42
2011/01/11,31,护理服务,3.1574243205537544,502.07863887002253,318750,42,23
2011/01/12,12,市场营销,10.093010607584873,487.31349035048964,318800,71,20
2011/01/13,15,机械维修,8.149681542166054,494.1805763445255,318850,60,23
2011/01/14,6,教育教学,11.323214659805073,566.956667443764,318900,97,34
2011/01/15,14,教育教学,8.188380551855435,558.9538049183406,318950,90,34
2011/01/16,8,IT编程,10.378535725887108,571.4360332058721,319000,107,35
2011/01/17,14,教育教学,7.434423672533846,547.7654236610675,319050,85,31
2011/01/18,34,美容美发,3.7020689872963146,443.16037626585904,319100,56,29
2011/01/19,42,护理服务,3.3868300151636053,524.1760767809253,319150,43,17
2011/01/20,40,美容美发,2.8792588618121924,473.1898081547159,319200,49,18
2011/01/21,17,市场营销,7.407471282953005,554.1819960437407,319250,71,32
2011/01/22,9,教育教学,11.674150288641782,706.5240219316945,319300,108,31
2011/01/23,1,IT编程,10.132500165729859,573.2004090949952,319350,104,42
2011/01/24,18,市场营销,7.563698905027206,573.821236183236,319400,89,33
2011/01/25,13,会计,10.01456049239857,553.384158032222,319450,111,49
2011/01/26,39,护理服务,6.096861886360106,499.2460764195102,319500,44,16
2011/01/27,12,教育教学,9.435688767302635,622.8614881159855,319550,118,46
2011/01/28,13,机械维修,8.526258518406923,544.3087457416517,319600,71,28
2011/01/29,12,IT编程,11.640240944904207,685.1579640218696,319650,95,33
2011/01/30,24,护理服务,6.434931352491414,532.887658730225,319700,65,16
2011/01/31,42,护理服务,3.964394345036617,483.1316513608547,319750,52,21
2011/02/01,10,机械维修,11.200966359390282,615.2304949958611,319800,61,21
2011/02/02,8,教育教学,10.37332127499053,611.7081229211443,319850,90,31
2011/02/03,35,护理服务,5.158130325701498,483.8486624760346,319900,40,11
2011/02/04,1,IT编程,8.871448402985704,716.5625909855155,319950,108,37
2011/02/05,20,市场营销,7.589910556684227,651.4925551719679,320000,78,25
2011/02/06,3,教育教学,11.742900446159753,654.2553964345864,320050,81,30
2011/02/07,16,机械维修,6.765048440208465,442.599305146529,320100,71,20
2011/02/08,13,IT编程,8.194883334771335,554.5399971215162,320150,98,49
2011/02/09,16,机械维修,10.311843968297538,591.7050473739654,320200,77,32
2011/02/10,5,教育教学,12.83167204065171,620.5929119798599,320250,83,30
2011/02/11,44,烹饪,2.240296274352775,427.16834121893214,320300,55,13
2011/02/12,10,机械维修,8.537434339150861,661.5059575566332,320350,64,39
2011/02/13,18,市场营销,8.457468230869495,540.7418862838383,320400,84,25
2011/02/14,38,烹饪,9.806186811228216,593.3718603702588,320450,40,20
2011/02/15,10,市场营销,9.491545242206298,600.1709266655009,320500,80,30
2011/02/16,44,美容美发,4.8305840495670616,433.60183136385774,320550,54,15
2011/02/17,3,会计,10.375127286661249,630.7309392735148,320600,96,42
2011/02/18,5,教育教学,9.808514337873884,588.0483516941017,320650,90,36
2011/02/19,11,IT编程,10.388391291010253,626.8461682385383,320700,109,46
2011/02/20,3,教育教学,13.857180677972117,637.0983009816075,320750,94,30
2011/02/21,10,教育教学,9.73401601410922,531.9545209459611,320800,100,38
2011/02/22,22,市场营销,6.365802452478634,518.8482506506531,320850,78,28
2011/02/23,27,机械维修,4.533982024697671,461.2106046032969,320900,74,31
2011/02/24,12,教育教学,7.456839406365374,468.1261284775364,320950,116,33
2011/02/25,5,会计,12.634661155927171,675.501269856405,321000,119,43
2011/02/26,19,机械维修,8.725085599843322,555.6927978260775,321050,86,26
2011/02/27,6,IT编程,10.532113568929997,632.1385409138995,321100,97,39
2011/02/28,24,机械维修,8.217096803176757,528.1417652815971,321150,63,36
2011/03/01,6,教育教学,10.050407813515331,625.2398740222316,321200,94,31
2011/03/02,19,机械维修,6.522558466079628,556.3761166330179,321250,83,32
2011/03/03,12,机械维修,12.00316600567205,672.5074193636507,321300,63,38
2011/03/04,39,烹饪,3.9223928566089006,544.5785150121075,321350,59,21
2011/03/05,13,IT编程,11.061316581649162,603.0826713417061,321400,95,37
2011/03/06,35,护理服务,3.7881194394252855,508.3110311036545,321450,61,14
2011/03/07,21,美容美发,9.130412521405244,656.9711671595644,321500,61,13
2011/03/08,17,市场营销,8.515416267911206,569.3155667214161,321550,73,36
2011/03/09,8,教育教学,10.571068997674507,660.6261063036272,321600,118,37
2011/03/10,35,美容美发,3.4488142548927687,557.127691387257,321650,51,21
2011/03/11,29,护理服务,6.784193795074362,615.735443411205,321700,43,15
2011/03/12,12,教育教学,10.871872872466321,650.8948458090643,321750,89,49
2011/03/13,4,IT编程,10.159284078431272,622.8487665063117,321800,91,47
2011/03/14,7,IT编程,8.17438461497654,654.2700576909808,321850,80,42
2011/03/15,8,IT编程,11.441852641312966,648.6393049696921,321900,111,30
2011/03/16,10,IT编程,13.00165115421702,685.8572408980574,321950,99,30
2011/03/17,10,会计,11.501675383142937,594.1828799098529,322000,115,41
2011/03/18,39,美容美发,3.533658061103723,496.162518183037,322050,58,29
2011/03/19,39,美容美发,5.758107487104313,366.3759140950933,322100,48,22
2011/03/20,13,市场营销,9.482747007478881,618.1623064976988,322150,82,21
2011/03/21,22,市场营销,10.792274010393028,595.475901510016,322200,82,27
2011/03/22,12,会计,9.526066617767674,731.5560938021381,322250,85,37
2011/03/23,20,护理服务,10.286943350297197,663.5357042777414,322300,63,25
2011/03/24,42,护理服务,2.71660886585161,450.57528823026473,322350,58,15
2011/03/25,3,会计,11.564583528097549,671.8041574146441,322400,110,47
2011/03/26,39,美容美发,4.803404687474441,527.4082717188567,322450,47,15
2011/03/27,5,IT编程,10.463574610362505,575.317323775927,322500,110,47
2011/03/28,21,市场营销,4.399181736570375,477.0770065281491,322550,61,31
2011/03/29,10,教育教学,8.079030890163681,626.4392504658865,322600,114,41
2011/03/30,29,美容美发,7.7424989521561525,503.1884081003907,322650,49,11
2011/03/31,5,教育教学,11.403660710839334,586.2795928927322,322700,107,32
2011/04/01,25,市场营销,7.126979363186109,488.64860650768736,322750,65,39
2011/04/02,11,IT编程,11.048435636481631,550.9327515791538,322800,81,43
2011/04/03,9,教育教学,11.314180113559413,576.7211124133973,322850,103,36
2011/04/04,28,机械维修,6.769055523681205,469.8049070507737,322900,69,33
2011/04/05,19,市场营销,6.683808891623771,554.9653661429147,322950,82,39
2011/04/06,11,IT编程,7.364107411360585,465.0641867255317,323000,97,48
2011/04/07,42,护理服务,2.7555465900414435,456.22007590310255,323050,66,26
2011/04/08,28,市场营销,6.489212023955412,455.9120487060602,323100,83,23
2011/04/09,4,教育教学,9.070981970578941,520.0041233279169,323150,117,40
2011/04/10,41,美容美发,3.388436728661329,451.27550087907497,323200,45,16
2011/04/11,4,IT编程,10.032958274477904,623.6785507106011,323250,87,48
2011/04/12,21,机械维修,9.282814775178213,609.3142707158909,323300,80,20
2011/04/13,32,护理服务,6.033667637831986,467.36118974628204,323350,68,15
2011/04/14,20,美容美发,7.007495834042593,491.2207556488849,323400,63,28
2011/04/15,30,护理服务,4.656113067795715,549.6072116221345,323450,66,25
2011/04/16,24,机械维修,6.405726839977133,542.1987365917969,323500,64,36
2011/04/17,23,市场营销,7.1679931294975505,519.5137493973912,323550,64,35
2011/04/18,11,教育教学,8.324474179653256,598.74195466632,323600,119,34
2011/04/19,39,护理服务,4.823899230540444,425.0144260758367,323650,49,16
2011/04/20,8,教育教学,10.311948010919139,593.0582736174731,323700,104,36
2011/04/21,39,美容美发,2.2928944355880327,371.6470622057126,323750,61,20
2011/04/22,11,IT编程,10.549160146636979,549.2210815832676,323800,94,31
2011/04/23,3,教育教学,14.628198465585026,699.0343808217534,323850,90,48
2011/04/24,11,会计,9.982848006651384,593.0701148527542,323900,108,42
2011/04/25,17,市场营销,10.059587936479057,594.9320534402676,323950,63,20
2011/04/26,17,市场营销,8.976597055527538,545.7914846116306,324000,62,24
2011/04/27,4,教育教学,9.631805583831117,582.3934967623002,324050,104,47
2011/04/28,24,机械维修,8.076814862786659,591.98927811739,324100,86,26
2011/04/29,27,美容美发,5.899654875061598,507.25865538536084,324150,43,22
2011/04/30,5,IT编程,10.36386541139563,598.4924784908025,324200,98,40
2011/05/01,12,IT编程,8.52764096809402,630.6756449233028,324250,107,38
2011/05/02,13,市场营销,9.474172426156883,594.8822285757972,324300,86,30
2011/05/03,1,教育教学,12.318504529821862,687.9988210222161,324350,109,40
2011/05/04,24,市场营销,7.543608193644628,497.4609384059251,324400,65,33
2011/05/05,11,机械维修,11.155900392962906,648.1444825036116,324450,68,38
2011/05/06,30,烹饪,5.08119899807396,431.76628758446833,324500,61,29
2011/05/07,14,市场营销,11.834717582466677,572.1431599658631,324550,64,23
2011/05/08,4,IT编程,12.390580459129508,670.2114909983721,324600,108,47
2011/05/09,2,会计,13.255124412277228,652.9420359207162,324650,92,40
2011/05/10,9,教育教学,10.371139178668855,611.7299775511885,324700,115,43
2011/05/11,2,IT编程,10.842861244271056,601.8743355377859,324750,90,38
2011/05/12,26,烹饪,7.622330305639508,647.1845227135119,324800,55,22
2011/05/13,20,机械维修,6.933085858716582,589.2551527387161,324850,89,38
2011/05/14,34,烹饪,7.243370477680125,529.3063979452274,324900,41,10
2011/05/15,25,烹饪,7.074332203738355,544.8145425540306,324950,69,25
2011/05/16,29,烹饪,7.916881198416057,477.21716097635067,325000,46,18
2011/05/17,3,会计,8.702674481740322,537.9053282605092,325050,81,36
2011/05/18,7,IT编程,10.268455308328726,624.0916381078964,325100,109,38
2011/05/19,25,市场营销,6.222339318299276,537.5758856637189,325150,88,28
2011/05/20,10,教育教学,10.638980578259996,583.0404977469415,325200,98,38
2011/05/21,36,护理服务,4.844913993016068,461.6095442223135,325250,53,26
2011/05/22,26,机械维修,5.485746120986642,547.5221011762042,325300,79,26
2011/05/23,24,护理服务,6.64370920242313,553.5018742907403,325350,44,12
2011/05/24,5,会计,8.151091467188552,521.6820587774345,325400,100,42
2011/05/25,29,机械维修,5.324600693029396,467.9032672795122,325450,71,35
2011/05/26,10,IT编程,11.163028872532443,614.6511555672979,325500,91,32
2011/05/27,32,烹饪,4.389841431927424,417.6256376095688,325550,40,18
2011/05/28,12,会计,10.073574165071278,649.7485569982103,325600,96,39
2011/05/29,28,烹饪,4.774100721196023,515.605247242299,325650,64,23
2011/05/30,2,教育教学,11.856343392064277,705.268124562275,325700,101,47
2011/05/31,27,烹饪,6.557181220210109,521.100386219683,325750,56,10
2011/06/01,37,美容美发,4.980281656713529,494.4352961048668,325800,63,24
2011/06/02,2,IT编程,9.997605333575324,533.511020725457,325850,119,38
2011/06/03,7,IT编程,11.921399366431249,554.1621217353705,325900,119,31
2011/06/04,19,机械维修,10.4392486193528,516.2745755937799,325950,61,32
2011/06/05,7,教育教学,10.005731778033482,671.3743259079409,326000,81,37
2011/06/06,30,烹饪,5.275431394510641,491.2045201061065,326050,64,19
2011/06/07,1,教育教学,12.917318543122235,591.579505429058,326100,97,45
2011/06/08,13,教育教学,9.910477644866164,707.7477039669175,326150,90,37
2011/06/09,30,护理服务,7.640731592637312,559.542448961061,326200,61,17
2011/06/10,10,IT编程,13.04175197264697,644.4703920205371,326250,116,39
2011/06/11,14,教育教学,9.336544946304194,567.3581639258095,326300,118,38
2011/06/12,13,会计,9.080580658657285,567.7874868223404,326350,102,36
2011/06/13,4,IT编程,13.754479404933997,638.6635035706979,326400,90,41
2011/06/14,24,市场营销,7.412575298992628,561.3193663738784,326450,67,36
2011/06/15,21,护理服务,7.44597845932913,607.7130919711841,326500,42,13
2011/06/16,20,市场营销,8.487347545016844,528.4970484469709,326550,71,21
2011/06/17,34,烹饪,6.562233000613143,480.8690804710031,326600,65,29
2011/06/18,20,市场营销,6.210904038836221,504.1253879788068,326650,63,22
2011/06/19,3,会计,11.77544442733515,599.4426981209375,326700,104,34
2011/06/20,25,市场营销,8.990525916556537,538.4591676834008,326750,78,23
2011/06/21,12,IT编程,7.133837987061843,592.3457955163111,326800,101,37
2011/06/22,44,烹饪,3.576127631996952,521.9357632396029,326850,44,29
2011/06/23,16,市场营销,9.074320648871339,598.3627797060184,326900,76,28
2011/06/24,19,市场营销,9.083441587526188,496.0578590955978,326950,76,26
2011/06/25,5,会计,10.851130272155984,570.1827968770936,327000,87,31
2011/06/26,38,护理服务,5.535605823205285,486.44956112342436,327050,58,10
2011/06/27,14,教育教学,7.671689324122139,553.519967793723,327100,81,46
2011/06/28,41,美容美发,5.179872343835135,549.8364316319015,327150,64,28
2011/06/29,6,教育教学,10.867484254555432,529.0897228385486,327200,80,41
2011/06/30,29,美容美发,6.948691764941352,570.291905096305,327250,69,18
2011/07/01,29,护理服务,4.3551184258273015,491.2784864237503,327300,44,11
2011/07/02,10,市场营销,7.266339504979681,522.0341099817898,327350,89,25
2011/07/03,4,教育教学,12.044297592240385,615.993309980514,327400,91,34
2011/07/04,2,会计,10.035602669804664,569.1100042838931,327450,102,46
2011/07/05,10,IT编程,9.280079897808013,588.239267124425,327500,112,36
2011/07/06,13,IT编程,8.100153054813653,608.9824491401514,327550,111,38
2011/07/07,17,市场营销,9.793303002028548,683.9959588593874,327600,71,28
2011/07/08,7,IT编程,11.286595254813939,605.2624745361586,327650,114,44
2011/07/09,13,市场营销,9.369308297916323,563.7865957246821,327700,64,29
2011/07/10,29,市场营销,4.669424869310634,409.7933669246561,327750,85,37
2011/07/11,31,美容美发,6.362846039790887,546.2806477057107,327800,62,17
2011/07/12,7,IT编程,11.899273024104009,662.1469591775822,327850,80,33
2011/07/13,41,烹饪,4.332392619197544,449.2251633241604,327900,50,13
2011/07/14,11,教育教学,9.338489726387545,557.1259515941591,327950,89,39
2011/07/15,12,IT编程,8.164080677333121,621.8663866552996,328000,117,36
2011/07/16,43,护理服务,3.5543296814199383,510.98631472537556,328050,68,12
2011/07/17,3,教育教学,9.9180100112216,511.77996008267786,328100,81,32
2011/07/18,11,IT编程,10.724745444620872,600.9218872774115,328150,107,42
2011/07/19,31,美容美发,6.672567910438524,601.8491362509167,328200,69,12
2011/07/20,24,护理服务,10.253265188803947,509.63781985061627,328250,59,22
2011/07/21,3,教育教学,11.607299411639538,597.6881388639242,328300,88,36
2011/07/22,1,IT编程,14.354686858183404,636.9928860996288,328350,99,42
2011/07/23,13,市场营销,9.116377366336133,582.5716113852434,328400,88,32
2011/07/24,14,教育教学,9.201501360800513,663.7353320699805,328450,95,39
2011/07/25,27,护理服务,6.546389109973728,582.4500747191889,328500,59,21
2011/07/26,10,市场营销,10.348708265369545,652.6284176513856,328550,76,34
2011/07/27,21,机械维修,6.873279305695805,590.6994346934229,328600,88,36
2011/07/28,9,IT编程,9.303057355948631,591.3065785947277,328650,117,34
2011/07/29,29,护理服务,4.834343672880084,428.79812029412153,328700,69,22
2011/07/30,12,市场营销,10.036620064622685,655.5123269527936,328750,83,22
2011/07/31,7,会计,9.979757557283111,583.7340037454472,328800,99,46
2011/08/01,42,美容美发,4.425190408363173,546.5363337999864,328850,57,12
2011/08/02,6,IT编程,12.228193354935911,620.578299972444,328900,94,43
2011/08/03,10,教育教学,8.15340247425631,537.219258373081,328950,110,36
2011/08/04,40,烹饪,5.172079746227859,501.68426501510436,329000,45,20
2011/08/05,8,会计,11.020276205200133,635.6430083257874,329050,85,48
2011/08/06,25,护理服务,7.86633098447677,571.4300656927921,329100,61,11
2011/08/07,9,教育教学,9.98217571282512,597.9477686981936,329150,89,45
2011/08/08,32,护理服务,4.921881219175998,498.8887876368227,329200,52,25
2011/08/09,10,机械维修,12.869682671639454,614.8684719801892,329250,89,32
2011/08/10,13,IT编程,8.327203574076472,566.6925579842074,329300,91,32
2011/08/11,40,美容美发,5.536279126920894,541.7409223176215,329350,50,17
2011/08/12,13,会计,7.1781971493339345,549.5358894981114,329400,117,44
2011/08/13,4,会计,11.511946171880226,688.317680132256,329450,116,37
2011/08/14,21,烹饪,7.1009780523119055,529.7125561083003,329500,45,29
2011/08/15,20,护理服务,5.747402000147333,441.13988057505526,329550,67,17
2011/08/16,40,护理服务,3.520660864692622,450.38921213999004,329600,46,21
2011/08/17,7,IT编程,9.11942649772439,544.3870328667107,329650,94,33
2011/08/18,8,IT编程,8.160572378984739,564.5965869090827,329700,119,43
2011/08/19,6,会计,7.861751790674072,547.1241456077339,329750,99,44
2011/08/20,4,会计,10.845062239833318,646.5748873379815,329800,94,48
2011/08/21,22,美容美发,7.146222970270934,599.3704043073366,329850,54,19
2011/08/22,7,教育教学,9.299684045771848,579.3101710306369,329900,113,31
2011/08/23,6,IT编程,10.355769483282263,580.0132242134565,329950,95,35
2011/08/24,33,烹饪,4.134318514461317,487.54111569429506,330000,60,19
2011/08/25,7,IT编程,6.069265685017082,478.16195421933855,330050,93,41
2011/08/26,27,机械维修,3.9376326195052602,473.9528463682265,330100,65,35
2011/08/27,10,IT编程,7.651515635045118,573.3213513790197,330150,118,49
2011/08/28,3,IT编程,10.16499540678769,583.3872603972138,330200,95,40
2011/08/29,28,机械维修,6.398537080825294,555.9637628251604,330250,84,34
2011/08/30,1,教育教学,12.342821254283875,604.2205650743006,330300,112,32
2011/08/31,11,市场营销,10.806343628691078,548.1718413851795,330350,72,26
2011/09/01,29,市场营销,7.836597932572708,631.3132849195928,330400,73,38
2011/09/02,23,护理服务,7.990911293730401,585.5064144716765,330450,41,21
2011/09/03,4,会计,14.094476119063431,697.8757670251372,330500,108,49
2011/09/04,25,机械维修,4.795257396828592,371.3338152908332,330550,64,28
2011/09/05,12,会计,7.9413299176031655,546.4617273400526,330600,83,34
2011/09/06,1,教育教学,10.554095268023413,544.4706531855343,330650,109,32
2011/09/07,1,IT编程,10.522049618545084,571.1469010147194,330700,89,30
2011/09/08,11,教育教学,9.725794262221084,525.8836027904788,330750,90,46
2011/09/09,20,护理服务,10.26128287063515,623.6097239521429,330800,68,28
2011/09/10,10,会计,9.174052655311556,604.8981584675907,330850,101,49
2011/09/11,7,教育教学,10.390876160063431,616.8892615982147,330900,107,35
2011/09/12,11,教育教学,9.845508938335286,558.1927156637896,330950,90,47
2011/09/13,9,教育教学,10.084236728954213,567.1293378830878,331000,110,36
2011/09/14,28,机械维修,7.922708776262647,526.0649996429382,331050,82,34
2011/09/15,9,IT编程,11.542557019403455,651.9338607234479,331100,108,46
2011/09/16,35,护理服务,5.477328205935979,468.4253763406692,331150,42,29
2011/09/17,9,IT编程,9.98349051220725,645.3293146972175,331200,81,36
2011/09/18,43,烹饪,2.0,455.51368934306237,331250,41,11
2011/09/19,9,教育教学,8.704047879657438,650.7659932475171,331300,80,35
2011/09/20,44,美容美发,2.0,395.9225948632037,331350,65,28
2011/09/21,23,市场营销,7.860277142005101,649.0414656462226,331400,72,31
2011/09/22,1,会计,11.116577547788687,707.4682721177846,331450,96,40
2011/09/23,24,美容美发,4.988188773463857,469.00610029296024,331500,54,15
2011/09/24,12,教育教学,8.825768193310282,524.5077727480658,331550,119,44
2011/09/25,13,市场营销,7.695451722250697,541.900683109621,331600,62,24
2011/09/26,30,烹饪,4.7964237034623896,443.0949396107711,331650,57,10
2011/09/27,14,市场营销,8.620082894988071,568.4005079506907,331700,60,38
2011/09/28,26,市场营销,7.4325971844375935,564.6693880993032,331750,89,23
2011/09/29,10,教育教学,10.618048162482879,677.1823726064944,331800,92,43
2011/09/30,9,IT编程,10.138932588367696,651.1144668622478,331850,107,47
2011/10/01,10,教育教学,9.77043079797324,632.5100414799465,331900,118,42
2011/10/02,27,烹饪,4.454890988299091,431.38180074168235,331950,48,16
2011/10/03,5,会计,10.820388411769594,613.0619930026127,332000,102,43
2011/10/04,44,烹饪,2.897593532734913,502.7392112454924,332050,45,19
2011/10/05,21,市场营销,8.421525783478264,545.9929130477233,332100,78,34
2011/10/06,20,机械维修,8.291872293712084,654.2836420884594,332150,66,24
2011/10/07,16,机械维修,7.358343465410175,597.6873812073774,332200,83,37
2011/10/08,18,市场营销,10.045396081690422,680.4967101944216,332250,80,25
2011/10/09,12,市场营销,8.035648810449043,561.4137552319797,332300,89,22
2011/10/10,25,护理服务,8.07360957699141,634.2756282479315,332350,59,25
2011/10/11,2,教育教学,11.077032992981742,711.298076047129,332400,93,33
2011/10/12,11,机械维修,6.976925343359007,552.6678835340266,332450,74,39
2011/10/13,4,教育教学,10.268697563537007,558.5681950939223,332500,104,46
2011/10/14,11,IT编程,10.288465338885555,643.6975142723372,332550,95,37
2011/10/15,25,市场营销,9.876127730712101,615.5521581690457,332600,84,30
2011/10/16,10,教育教学,10.75362448876033,583.2483209204967,332650,96,33
2011/10/17,3,IT编程,11.146233500190428,637.107137104922,332700,88,40
2011/10/18,8,IT编程,7.962762472323478,542.3748356878066,332750,88,30
2011/10/19,14,机械维修,9.811356204010252,682.8881576789917,332800,69,31
2011/10/20,11,市场营销,10.355739863920757,601.3189566393455,332850,62,22
2011/10/21,23,市场营销,8.57310813780382,466.3373053819002,332900,88,32
2011/10/22,5,会计,9.722095501299739,633.01795127782,332950,82,32
2011/10/23,14,市场营销,10.821061251883739,561.8485485782612,333000,84,20
2011/10/24,23,护理服务,8.328125175697057,530.2719541814295,333050,57,21
2011/10/25,36,护理服务,5.157911924330975,453.9873799125786,333100,46,14
2011/10/26,28,机械维修,6.064791669790933,585.306894667468,333150,62,28
2011/10/27,15,市场营销,9.951850166551564,496.03145202310805,333200,60,37
2011/10/28,9,IT编程,10.104465900283527,655.2407478412468,333250,116,40
2011/10/29,13,教育教学,13.43371901417617,702.0843886487365,333300,111,33
2011/10/30,5,IT编程,12.140710691868058,673.138430324706,333350,101,42
2011/10/31,14,会计,6.986143953102971,548.1338007067333,333400,91,43
2011/11/01,21,护理服务,6.808155642852237,542.6506494022001,333450,54,14
2011/11/02,26,美容美发,7.94386381186087,561.8970110537565,333500,56,28
2011/11/03,9,IT编程,8.053085394586548,495.616007302854,333550,92,37
2011/11/04,5,IT编程,10.198366778197745,559.9594029750973,333600,119,33
2011/11/05,2,会计,11.295026027934604,699.77375980832,333650,102,38
2011/11/06,21,机械维修,9.972109944771393,700.0169721780962,333700,69,31
2011/11/07,19,市场营销,4.7230733950937545,453.2607273076592,333750,79,32
2011/11/08,11,教育教学,9.58698684209971,653.2089069894417,333800,116,30
2011/11/09,13,会计,10.242387269554353,562.7628338027133,333850,119,31
2011/11/10,23,市场营销,5.388771903334828,450.5987857474097,333900,78,29
2011/11/11,31,烹饪,6.523294487138752,488.1548386833457,333950,45,13
2011/11/12,6,教育教学,10.878560886686184,705.4336910408603,334000,114,44
2011/11/13,9,教育教学,8.828863843973794,538.8268360954022,334050,111,45
2011/11/14,10,会计,8.941511589580672,517.1700058519991,334100,85,37
2011/11/15,27,护理服务,5.782320639278176,535.020459443241,334150,42,22
2011/11/16,14,会计,7.834363623792875,560.2083776665562,334200,90,46
2011/11/17,2,会计,13.95720087473129,628.4460864780033,334250,87,31
2011/11/18,16,市场营销,11.712523333163716,600.7945264888104,334300,72,26
2011/11/19,7,IT编程,9.22742706589461,588.5065062881059,334350,104,46
