record_id,user_id,date,city,age_group,product,brand,amount,discount,payment,status
20087,2679,2025-03-29,上海,18-25,服饰,李宁,1857,无优惠,银联,已付
20088,4582,2025-03-30,郑州,18-25,家居,顾家,289,无优惠,微信,已付
20089,9928,2025-03-16,郑州,56+,手机,vivo,1657,折扣券,银联,已付
20090,7924,2025-03-22,深圳,46-55,家居,慕思,82,无优惠,银联,已付
20091,2584,2025-03-19,杭州,26-35,美妆,花西子,866,无优惠,支付宝,已付
20092,7201,2025-03-20,南京,56+,服饰,优衣库,3792,折扣券,微信,已付
20093,2139,2025-03-11,郑州,36-45,家居,慕思,4758,无优惠,银联,已付
20094,5554,2025-03-10,石家庄,26-35,服饰,优衣库,1936,无优惠,支付宝,已付
20095,5374,2025-03-23,石家庄,36-45,家电,海尔,2939,无优惠,银联,已付
20096,3677,2025-03-31,石家庄,18-25,家居,水星,4404,折扣券,微信,已付
20097,4752,2025-03-23,武汉,36-45,玩具,孩之宝,5637,满减,微信,已付
20098,6155,2025-03-10,南京,46-55,服饰,优衣库,1757,折扣券,银联,已付
20099,5040,2025-03-15,石家庄,46-55,日用品,清风,1199,满减,微信,已付
20100,4593,2025-03-26,郑州,36-45,家居,顾家,4809,满减,支付宝,已付
20101,3621,2025-03-13,郑州,46-55,电脑,联想,927,无优惠,银联,已付
20102,9669,2025-03-30,武汉,56+,电脑,华硕,3155,折扣券,支付宝,已付
20103,2827,2025-03-17,郑州,18-25,电脑,宏碁,2214,折扣券,支付宝,已付
20104,9201,2025-03-18,武汉,26-35,保健品,汤臣倍健,5944,折扣券,支付宝,已付
20105,7126,2025-03-14,郑州,18-25,服饰,太平鸟,5017,无优惠,微信,已付
20106,2832,2025-03-14,郑州,56+,手机,vivo,2684,满减,微信,已付
20107,8962,2025-03-20,杭州,26-35,手机,小米,4676,无优惠,微信,已付
20108,9645,2025-03-11,郑州,26-35,家电,苏泊尔,4532,无优惠,支付宝,已付
20109,7118,2025-03-28,武汉,26-35,玩具,孩之宝,5869,满减,支付宝,已付
20110,1344,2025-03-23,郑州,46-55,电脑,戴尔,1869,无优惠,支付宝,已付
20111,1964,2025-03-27,郑州,26-35,家居,水星,87,无优惠,银联,已付
20112,8953,2025-03-16,上海,18-25,食品,三只松鼠,4240,无优惠,支付宝,已付
20113,7669,2025-03-15,郑州,26-35,家居,芝华仕,3901,无优惠,支付宝,已付
20114,1887,2025-03-15,上海,18-25,日用品,洁丽雅,3498,满减,支付宝,已付
20115,5073,2025-03-30,石家庄,18-25,手机,OPPO,5994,满减,微信,已付
20116,8579,2025-03-15,深圳,56+,保健品,善存,3485,无优惠,支付宝,已付
20117,1241,2025-03-16,上海,46-55,玩具,乐高,443,折扣券,银联,已付
20118,1960,2025-03-11,深圳,26-35,日用品,清风,3972,无优惠,支付宝,已付
20119,8973,2025-03-14,武汉,18-25,日用品,洁丽雅,3756,满减,支付宝,已付
20120,1998,2025-03-13,深圳,36-45,美妆,兰蔻,4773,折扣券,银联,已付
20121,1931,2025-03-19,北京,18-25,家居,顾家,4148,折扣券,微信,已付
20122,7615,2025-03-25,上海,26-35,电脑,宏碁,585,折扣券,微信,已付
20123,7868,2025-03-12,济南,26-35,家居,芝华仕,354,折扣券,微信,已付
20124,6147,2025-03-30,济南,56+,玩具,万代,2165,无优惠,银联,已付
20125,1152,2025-03-16,杭州,46-55,家电,海尔,3774,满减,微信,已付
20126,5345,2025-03-23,济南,56+,电脑,联想,4433,无优惠,银联,已付
20127,9900,2025-03-13,南京,18-25,美妆,花西子,2363,无优惠,支付宝,已付
20128,2697,2025-03-31,杭州,56+,玩具,乐高,5500,折扣券,支付宝,已付
20129,4450,2025-03-13,杭州,18-25,电脑,宏碁,1302,满减,支付宝,已付
20130,2512,2025-03-31,南京,26-35,服饰,太平鸟,4031,满减,微信,已付
20131,5291,2025-03-29,武汉,36-45,手机,华为,2761,无优惠,银联,已付
20132,3442,2025-03-14,成都,56+,日用品,妙洁,108,无优惠,微信,已付
20133,1685,2025-03-26,北京,36-45,家居,芝华仕,1242,满减,微信,已付
20134,2684,2025-03-18,南京,18-25,食品,良品铺子,5616,无优惠,银联,已付
20135,7755,2025-03-20,郑州,46-55,家居,水星,1968,无优惠,微信,已付
20136,2771,2025-03-09,广州,36-45,日用品,蓝月亮,2214,无优惠,银联,已付
20137,4728,2025-03-21,北京,46-55,美妆,雅诗兰黛,3799,满减,支付宝,已付
20138,6753,2025-03-16,北京,26-35,日用品,洁丽雅,2311,无优惠,支付宝,已付
20139,3925,2025-03-29,郑州,46-55,玩具,万代,255,无优惠,支付宝,已付
20140,6139,2025-03-27,杭州,18-25,电脑,宏碁,3588,满减,银联,已付
20141,1727,2025-03-22,济南,56+,电脑,华硕,4752,无优惠,支付宝,已付
20142,4228,2025-03-31,武汉,18-25,玩具,任天堂,5655,折扣券,银联,已付
20143,5920,2025-03-20,武汉,18-25,食品,百草味,2600,折扣券,微信,已付
20144,3085,2025-03-25,杭州,46-55,食品,德芙,5740,满减,银联,已付
20145,9977,2025-03-15,武汉,46-55,家电,九阳,4691,满减,支付宝,已付
20146,6279,2025-03-09,杭州,36-45,美妆,完美日记,4780,折扣券,银联,已付
20147,2389,2025-03-23,成都,46-55,美妆,迪奥,3905,折扣券,微信,已付
20148,4680,2025-03-18,郑州,56+,食品,三只松鼠,1953,折扣券,支付宝,已付
20149,8461,2025-03-15,广州,18-25,手机,小米,3921,折扣券,微信,已付
20150,3417,2025-03-22,石家庄,56+,美妆,完美日记,4078,满减,微信,已付
20151,8611,2025-03-29,北京,18-25,日用品,蓝月亮,1469,折扣券,银联,已付
20152,9702,2025-03-10,郑州,26-35,电脑,华硕,1121,满减,银联,已付
20153,8777,2025-03-26,济南,36-45,保健品,Move Free,4517,满减,微信,已付
20154,5499,2025-03-23,杭州,26-35,服饰,太平鸟,3998,折扣券,微信,已付
20155,2320,2025-03-23,上海,36-45,美妆,花西子,2780,满减,银联,已付
20156,7797,2025-03-13,广州,26-35,日用品,蓝月亮,5815,无优惠,微信,已付
20157,7381,2025-03-22,南京,56+,保健品,Move Free,539,无优惠,支付宝,已付
20158,7389,2025-03-27,北京,56+,日用品,清风,77,满减,支付宝,已付
20159,8140,2025-03-22,郑州,56+,家居,水星,4028,无优惠,支付宝,已付
20160,3091,2025-03-24,北京,46-55,食品,德芙,5961,无优惠,支付宝,已付
20161,2375,2025-03-28,郑州,18-25,日用品,妙洁,4652,折扣券,微信,已付
20162,6363,2025-03-29,武汉,26-35,保健品,善存,440,满减,支付宝,已付
20163,2341,2025-03-15,成都,36-45,食品,德芙,2308,满减,支付宝,已付
20164,1659,2025-03-24,北京,56+,手机,苹果,1865,折扣券,微信,已付
20165,8758,2025-03-09,深圳,26-35,手机,vivo,1277,无优惠,微信,已付
20166,3749,2025-03-30,上海,56+,美妆,完美日记,5759,满减,支付宝,已付
20167,6111,2025-03-28,济南,18-25,家电,海尔,914,折扣券,微信,已付
20168,4978,2025-03-27,石家庄,46-55,日用品,蓝月亮,651,折扣券,银联,已付
20169,8018,2025-03-12,杭州,56+,电脑,宏碁,365,满减,银联,已付
20170,2729,2025-03-30,南京,18-25,玩具,万代,132,满减,支付宝,已付
20171,5425,2025-03-22,南京,46-55,家电,苏泊尔,1471,折扣券,银联,已付
20172,5022,2025-03-28,郑州,46-55,保健品,Move Free,4882,满减,支付宝,已付
20173,7209,2025-03-11,杭州,46-55,美妆,完美日记,4697,折扣券,银联,已付
20174,5232,2025-03-19,北京,46-55,食品,良品铺子,4023,无优惠,支付宝,已付
20175,2402,2025-03-19,杭州,56+,服饰,太平鸟,112,折扣券,微信,已付
20176,9041,2025-03-16,武汉,46-55,玩具,孩之宝,5686,满减,银联,已付
20177,6016,2025-03-23,北京,18-25,服饰,李宁,3341,折扣券,微信,已付
20178,6419,2025-03-30,济南,36-45,保健品,Swisse,3514,折扣券,银联,已付
20179,4155,2025-03-20,成都,36-45,服饰,安踏,1917,无优惠,银联,已付
20180,5530,2025-03-19,上海,56+,家电,格力,1801,折扣券,支付宝,已付
20181,6912,2025-03-27,郑州,56+,服饰,优衣库,1619,满减,微信,已付
20182,5786,2025-03-14,杭州,18-25,玩具,孩之宝,2276,无优惠,微信,已付
20183,8843,2025-03-31,广州,46-55,电脑,联想,4731,满减,支付宝,已付
20184,7565,2025-03-23,南京,26-35,手机,苹果,3942,无优惠,微信,已付
20185,2395,2025-03-24,上海,56+,手机,小米,1251,折扣券,支付宝,已付
20186,9561,2025-03-16,上海,56+,日用品,妙洁,4912,折扣券,微信,已付
20187,1986,2025-03-21,成都,46-55,服饰,太平鸟,3541,满减,银联,已付
20188,4929,2025-03-28,上海,26-35,美妆,花西子,5439,无优惠,微信,已付
20189,8699,2025-03-14,郑州,18-25,家电,美的,3375,满减,银联,已付
20190,4824,2025-03-18,北京,26-35,服饰,安踏,5787,满减,微信,已付
20191,3441,2025-03-17,石家庄,56+,美妆,完美日记,969,折扣券,微信,已付
20192,5728,2025-03-17,广州,18-25,手机,小米,2548,折扣券,银联,已付
20193,9090,2025-03-23,上海,46-55,服饰,波司登,2259,折扣券,银联,已付
20194,1423,2025-03-23,上海,56+,手机,OPPO,2669,折扣券,支付宝,已付
20195,1659,2025-03-11,深圳,56+,家居,罗莱,5536,满减,银联,已付
20196,9056,2025-03-14,成都,56+,保健品,Swisse,1515,折扣券,支付宝,已付
20197,3634,2025-03-11,成都,36-45,日用品,洁丽雅,2659,折扣券,微信,已付
20198,2442,2025-03-19,武汉,46-55,服饰,波司登,4535,无优惠,支付宝,已付
20199,9889,2025-03-19,杭州,36-45,电脑,华硕,4244,无优惠,银联,已付
20200,8242,2025-03-23,武汉,18-25,美妆,迪奥,2992,折扣券,支付宝,已付
20201,8941,2025-03-10,深圳,36-45,玩具,孩之宝,2388,满减,银联,已付
20202,7684,2025-03-12,北京,56+,美妆,雅诗兰黛,2574,折扣券,微信,已付
20203,5781,2025-03-11,深圳,18-25,保健品,汤臣倍健,5335,无优惠,支付宝,已付
20204,3369,2025-03-25,杭州,46-55,保健品,Move Free,2025,满减,银联,已付
20205,6568,2025-03-21,深圳,56+,玩具,孩之宝,600,满减,支付宝,已付
20206,9022,2025-03-25,杭州,18-25,服饰,安踏,4837,折扣券,银联,已付
20207,7180,2025-03-13,成都,56+,保健品,Swisse,2752,折扣券,银联,已付
20208,1715,2025-03-23,南京,26-35,美妆,迪奥,3166,无优惠,支付宝,已付
20209,9229,2025-03-19,成都,46-55,日用品,蓝月亮,4086,无优惠,微信,已付
20210,3361,2025-03-27,南京,18-25,保健品,汤臣倍健,4337,满减,微信,已付
20211,7512,2025-03-22,石家庄,26-35,电脑,华硕,2200,满减,银联,已付
20212,8994,2025-03-29,上海,36-45,玩具,小熊,2623,折扣券,银联,已付
20213,4727,2025-03-26,北京,56+,电脑,戴尔,5199,折扣券,支付宝,已付
20214,1474,2025-03-11,武汉,18-25,电脑,华硕,1391,折扣券,支付宝,已付
20215,5000,2025-03-10,南京,18-25,服饰,安踏,3099,满减,微信,已付
20216,7267,2025-03-25,武汉,56+,家电,格力,1463,无优惠,银联,已付
20217,5161,2025-03-28,石家庄,26-35,保健品,善存,1931,满减,银联,已付
20218,2210,2025-03-23,杭州,18-25,保健品,Swisse,5579,折扣券,微信,已付
20219,5949,2025-03-23,南京,56+,服饰,波司登,5684,满减,支付宝,已付
20220,5847,2025-03-15,武汉,46-55,电脑,戴尔,3153,折扣券,支付宝,已付
20221,1803,2025-03-31,杭州,18-25,日用品,洁丽雅,95,折扣券,银联,已付
20222,4115,2025-03-28,成都,36-45,美妆,迪奥,2915,无优惠,银联,已付
20223,6977,2025-03-28,杭州,26-35,电脑,联想,2559,满减,微信,已付
20224,9837,2025-03-13,上海,36-45,食品,德芙,1467,无优惠,微信,已付
20225,6549,2025-03-20,郑州,56+,服饰,李宁,2134,满减,支付宝,已付
20226,7511,2025-03-12,成都,18-25,家电,格力,5569,折扣券,银联,已付
20227,8451,2025-03-26,南京,18-25,日用品,舒肤佳,2195,折扣券,微信,已付
20228,4830,2025-03-20,石家庄,36-45,家居,顾家,5259,满减,微信,已付
20229,2035,2025-03-24,北京,56+,玩具,万代,5026,无优惠,银联,已付
20230,5986,2025-03-29,成都,36-45,日用品,舒肤佳,1174,无优惠,微信,已付
20231,7078,2025-03-24,上海,18-25,美妆,迪奥,1140,满减,支付宝,已付
20232,9017,2025-03-30,郑州,46-55,家居,水星,3427,折扣券,微信,已付
20233,4868,2025-03-28,武汉,36-45,手机,苹果,1808,满减,支付宝,已付
20234,4109,2025-03-20,上海,36-45,玩具,万代,525,满减,支付宝,已付
20235,4990,2025-03-12,成都,18-25,美妆,迪奥,203,无优惠,支付宝,已付
20236,4817,2025-03-13,济南,26-35,电脑,宏碁,1726,折扣券,微信,已付
20237,5106,2025-03-19,广州,56+,手机,苹果,1214,无优惠,银联,已付
20238,6304,2025-03-14,上海,18-25,家电,美的,2963,无优惠,银联,已付
20239,2041,2025-03-09,广州,36-45,手机,小米,3477,折扣券,微信,已付
20240,4629,2025-03-24,成都,36-45,玩具,任天堂,922,满减,银联,已付
20241,8847,2025-03-28,北京,56+,服饰,波司登,5299,无优惠,微信,已付
20242,3430,2025-03-21,武汉,18-25,保健品,Move Free,631,无优惠,支付宝,已付
20243,7240,2025-03-11,广州,36-45,家居,芝华仕,4521,折扣券,支付宝,已付
20244,4522,2025-03-28,郑州,36-45,保健品,Move Free,841,折扣券,微信,已付
20245,2557,2025-03-22,成都,26-35,日用品,洁丽雅,3744,满减,支付宝,已付
20246,2099,2025-03-19,武汉,36-45,服饰,安踏,1279,折扣券,支付宝,已付
20247,1982,2025-03-11,上海,18-25,日用品,舒肤佳,3081,无优惠,银联,已付
20248,7929,2025-03-27,郑州,56+,食品,三只松鼠,3394,满减,银联,已付
20249,4485,2025-03-10,杭州,56+,服饰,安踏,877,折扣券,银联,已付
20250,2882,2025-03-13,石家庄,46-55,美妆,兰蔻,2897,折扣券,支付宝,已付
20251,1430,2025-03-17,济南,26-35,日用品,妙洁,5122,折扣券,银联,已付
20252,6567,2025-03-28,石家庄,36-45,手机,小米,2267,折扣券,支付宝,已付
20253,3324,2025-03-20,北京,26-35,家电,九阳,5413,满减,微信,已付
20254,6585,2025-03-29,北京,18-25,玩具,孩之宝,3110,满减,支付宝,已付
20255,3549,2025-03-14,南京,36-45,食品,百草味,4913,无优惠,微信,已付
20256,8957,2025-03-14,济南,18-25,电脑,惠普,3658,折扣券,支付宝,已付
20257,8043,2025-03-28,成都,46-55,服饰,李宁,4226,无优惠,支付宝,已付
20258,1897,2025-03-12,杭州,56+,保健品,Swisse,401,无优惠,支付宝,已付
20259,2965,2025-03-09,深圳,36-45,美妆,雅诗兰黛,2122,满减,支付宝,已付
20260,4770,2025-03-09,成都,46-55,家电,格力,3143,折扣券,银联,已付
20261,8532,2025-03-25,郑州,36-45,电脑,华硕,375,满减,微信,已付
20262,7843,2025-03-11,南京,56+,日用品,妙洁,3342,折扣券,银联,已付
20263,6928,2025-03-18,上海,46-55,手机,苹果,1436,折扣券,支付宝,已付
20264,2288,2025-03-11,武汉,18-25,美妆,完美日记,4853,满减,银联,已付
20265,2868,2025-03-21,杭州,36-45,美妆,花西子,1406,无优惠,银联,已付
20266,4871,2025-03-25,郑州,26-35,食品,奥利奥,5987,折扣券,微信,已付
20267,2234,2025-03-12,广州,36-45,美妆,雅诗兰黛,4963,无优惠,银联,已付
20268,6295,2025-03-14,石家庄,46-55,保健品,Move Free,5608,折扣券,银联,已付
20269,5961,2025-03-29,南京,26-35,保健品,汤臣倍健,3870,满减,银联,已付
20270,8404,2025-03-17,济南,18-25,食品,百草味,636,满减,支付宝,已付
20271,9307,2025-03-10,北京,36-45,服饰,优衣库,5310,无优惠,银联,已付
20272,4084,2025-03-21,成都,56+,玩具,乐高,3713,折扣券,银联,已付
20273,6626,2025-03-19,济南,46-55,玩具,孩之宝,535,满减,微信,已付
20274,8199,2025-03-31,上海,56+,家电,美的,2058,折扣券,支付宝,已付
20275,7697,2025-03-25,郑州,56+,家电,海尔,3083,满减,支付宝,已付
20276,7333,2025-03-19,石家庄,56+,手机,苹果,568,满减,微信,已付
20277,3317,2025-03-18,杭州,56+,家电,海尔,696,折扣券,银联,已付
20278,7171,2025-03-20,杭州,46-55,家电,九阳,5835,无优惠,支付宝,已付
20279,9331,2025-03-29,南京,26-35,玩具,乐高,5321,折扣券,支付宝,已付
20280,4145,2025-03-20,北京,36-45,服饰,李宁,1783,满减,支付宝,已付
20281,9626,2025-03-16,广州,26-35,电脑,惠普,857,折扣券,银联,已付
20282,3658,2025-03-10,石家庄,36-45,家居,水星,4921,满减,微信,已付
20283,4891,2025-03-14,济南,26-35,保健品,汤臣倍健,3394,满减,银联,已付
20284,8684,2025-03-23,济南,36-45,保健品,善存,4403,无优惠,支付宝,已付
20285,9641,2025-03-15,南京,56+,保健品,Move Free,2337,满减,银联,已付
20286,8873,2025-03-22,广州,26-35,家居,水星,2077,无优惠,银联,已付
20287,5469,2025-03-20,郑州,18-25,玩具,乐高,2364,无优惠,微信,已付
20288,1436,2025-03-23,郑州,26-35,日用品,舒肤佳,1847,满减,支付宝,已付
20289,7142,2025-03-22,北京,46-55,玩具,万代,1960,满减,微信,已付
20290,5700,2025-03-16,北京,36-45,电脑,惠普,1225,无优惠,微信,已付
20291,4533,2025-03-24,广州,46-55,保健品,汤臣倍健,678,无优惠,支付宝,已付
20292,5934,2025-03-13,郑州,56+,玩具,小熊,939,满减,微信,已付
20293,9189,2025-03-12,北京,26-35,日用品,妙洁,3773,无优惠,微信,已付
20294,5772,2025-03-28,郑州,18-25,玩具,任天堂,2010,折扣券,微信,已付
20295,2402,2025-03-22,北京,56+,食品,良品铺子,4703,满减,微信,已付
20296,1333,2025-03-25,南京,18-25,玩具,任天堂,4185,折扣券,银联,已付
20297,6850,2025-03-21,成都,18-25,日用品,洁丽雅,2106,折扣券,微信,已付
20298,6772,2025-03-11,南京,26-35,电脑,宏碁,2752,无优惠,微信,已付
20299,2033,2025-03-26,南京,26-35,保健品,Move Free,5204,无优惠,微信,已付
20300,6170,2025-03-31,成都,18-25,服饰,李宁,387,无优惠,微信,已付
20301,4131,2025-03-18,郑州,46-55,玩具,小熊,2104,无优惠,银联,已付
20302,7553,2025-03-18,南京,18-25,食品,奥利奥,1048,满减,支付宝,已付
20303,9507,2025-03-23,武汉,36-45,家电,苏泊尔,5698,满减,支付宝,已付
20304,5813,2025-03-17,上海,46-55,电脑,华硕,4964,无优惠,银联,已付
20305,7981,2025-03-19,上海,18-25,食品,奥利奥,2539,满减,银联,已付
20306,8126,2025-03-14,成都,36-45,保健品,汤臣倍健,5983,满减,银联,已付
20307,3621,2025-03-17,石家庄,18-25,电脑,华硕,3005,折扣券,银联,已付
20308,7001,2025-03-09,广州,56+,保健品,汤臣倍健,1063,无优惠,微信,已付
20309,7077,2025-03-20,武汉,56+,手机,vivo,1285,折扣券,支付宝,已付
20310,6150,2025-03-20,成都,18-25,家居,水星,4366,满减,支付宝,已付
20311,7340,2025-03-29,杭州,26-35,电脑,联想,1553,满减,银联,已付
20312,9047,2025-03-26,上海,36-45,服饰,波司登,1786,折扣券,支付宝,已付
20313,2438,2025-03-15,上海,26-35,电脑,华硕,1443,折扣券,支付宝,已付
20314,3580,2025-03-30,南京,36-45,电脑,宏碁,4470,满减,支付宝,已付
20315,3275,2025-03-31,石家庄,26-35,食品,百草味,1865,无优惠,微信,已付
20316,3126,2025-03-16,成都,18-25,食品,百草味,4717,满减,支付宝,已付
20317,9612,2025-03-28,上海,18-25,服饰,波司登,5902,折扣券,支付宝,已付
20318,8372,2025-03-22,武汉,56+,电脑,戴尔,2626,折扣券,微信,已付
20319,3981,2025-03-23,石家庄,56+,食品,良品铺子,4545,折扣券,银联,已付
20320,3697,2025-03-13,武汉,56+,手机,华为,4273,无优惠,支付宝,已付
20321,4216,2025-03-14,南京,26-35,食品,百草味,2355,无优惠,支付宝,已付
20322,9234,2025-03-29,郑州,36-45,家电,海尔,5062,折扣券,微信,已付
20323,6531,2025-03-29,广州,56+,家居,水星,1431,折扣券,银联,已付
20324,4453,2025-03-27,北京,18-25,电脑,联想,5283,折扣券,支付宝,已付
20325,5949,2025-03-27,武汉,56+,手机,OPPO,5166,折扣券,支付宝,已付
20326,3589,2025-03-24,深圳,46-55,服饰,波司登,626,折扣券,微信,已付
20327,6121,2025-03-23,武汉,46-55,保健品,善存,2815,折扣券,微信,已付
20328,2739,2025-03-31,南京,36-45,日用品,蓝月亮,3064,折扣券,银联,已付
20329,2586,2025-03-19,深圳,46-55,电脑,惠普,3712,无优惠,微信,已付
20330,6123,2025-03-10,杭州,46-55,家居,顾家,2062,无优惠,支付宝,已付
20331,1379,2025-03-15,广州,46-55,玩具,小熊,4114,满减,支付宝,已付
20332,1797,2025-03-11,武汉,56+,保健品,善存,1791,折扣券,支付宝,已付
20333,2761,2025-03-10,杭州,46-55,家居,顾家,2369,折扣券,微信,已付
20334,1838,2025-03-22,广州,36-45,食品,德芙,3026,无优惠,支付宝,已付
20335,9261,2025-03-27,郑州,26-35,食品,百草味,2393,无优惠,支付宝,已付
20336,7453,2025-03-23,郑州,36-45,家居,芝华仕,1002,无优惠,微信,已付
20337,7576,2025-03-20,南京,56+,食品,良品铺子,1659,折扣券,银联,已付
20338,9508,2025-03-25,北京,18-25,手机,小米,5874,满减,支付宝,已付
20339,3662,2025-03-23,广州,56+,玩具,孩之宝,2715,折扣券,支付宝,已付
20340,9025,2025-03-21,济南,36-45,家居,慕思,4184,折扣券,银联,已付
20341,2795,2025-03-31,济南,36-45,保健品,汤臣倍健,3046,满减,银联,已付
20342,4728,2025-03-22,济南,36-45,手机,vivo,3916,满减,银联,已付
20343,7229,2025-03-10,济南,46-55,家电,九阳,5181,折扣券,银联,已付
20344,1310,2025-03-13,石家庄,26-35,手机,vivo,5767,无优惠,微信,已付
20345,9221,2025-03-23,南京,46-55,家电,苏泊尔,5685,无优惠,支付宝,已付
20346,8837,2025-03-28,成都,18-25,家电,九阳,1727,折扣券,支付宝,已付
20347,6804,2025-03-25,武汉,36-45,家电,苏泊尔,4396,满减,银联,已付
20348,5890,2025-03-30,石家庄,36-45,家居,顾家,1604,无优惠,支付宝,已付
20349,5480,2025-03-16,杭州,36-45,美妆,完美日记,2626,满减,支付宝,已付
20350,5758,2025-03-18,上海,56+,玩具,小熊,3261,满减,微信,已付
20351,8849,2025-03-10,杭州,18-25,食品,德芙,5402,满减,银联,已付
20352,2789,2025-03-15,深圳,56+,服饰,太平鸟,5732,满减,微信,已付
20353,4814,2025-03-28,济南,26-35,美妆,兰蔻,5516,折扣券,微信,已付
20354,1084,2025-03-10,上海,46-55,食品,德芙,852,折扣券,微信,已付
20355,6262,2025-03-26,广州,46-55,保健品,Move Free,5358,无优惠,支付宝,已付
20356,1611,2025-03-18,石家庄,18-25,电脑,宏碁,1931,折扣券,银联,已付
20357,5742,2025-03-14,武汉,26-35,手机,OPPO,4087,无优惠,银联,已付
20358,8444,2025-03-10,北京,36-45,家居,芝华仕,908,满减,支付宝,已付
20359,4159,2025-03-29,郑州,56+,保健品,善存,4159,满减,支付宝,已付
20360,6523,2025-03-12,南京,26-35,保健品,Swisse,5915,无优惠,微信,已付
20361,9442,2025-03-18,济南,26-35,家电,九阳,5261,满减,支付宝,已付
20362,5064,2025-03-19,上海,46-55,电脑,戴尔,1180,满减,支付宝,已付
20363,1187,2025-03-09,杭州,46-55,美妆,完美日记,2216,满减,支付宝,已付
20364,6026,2025-03-17,石家庄,36-45,美妆,兰蔻,5499,无优惠,支付宝,已付
20365,4618,2025-03-14,武汉,56+,服饰,优衣库,5261,满减,支付宝,已付
20366,9998,2025-03-16,广州,46-55,家电,苏泊尔,4991,满减,支付宝,已付
20367,9653,2025-03-24,郑州,26-35,美妆,迪奥,699,折扣券,支付宝,已付
20368,4312,2025-03-31,南京,18-25,家居,罗莱,534,折扣券,银联,已付
20369,4365,2025-03-27,郑州,26-35,家电,海尔,4291,满减,微信,已付
20370,3161,2025-03-31,济南,46-55,电脑,宏碁,3678,无优惠,支付宝,已付
20371,6049,2025-03-25,武汉,46-55,家居,罗莱,4606,满减,银联,已付
20372,7941,2025-03-09,武汉,36-45,手机,小米,4766,无优惠,微信,已付
20373,7698,2025-03-20,上海,56+,手机,华为,3896,无优惠,支付宝,已付
20374,2314,2025-03-14,广州,46-55,食品,德芙,3703,满减,支付宝,已付
20375,7439,2025-03-30,石家庄,56+,家电,海尔,1000,无优惠,银联,已付
20376,9920,2025-03-25,广州,26-35,手机,华为,2473,满减,银联,已付
20377,5516,2025-03-22,郑州,46-55,美妆,雅诗兰黛,3802,满减,微信,已付
20378,2102,2025-03-15,上海,18-25,日用品,妙洁,157,无优惠,微信,已付
20379,7590,2025-03-12,济南,18-25,保健品,汤臣倍健,2033,折扣券,微信,已付
20380,4836,2025-03-23,深圳,56+,美妆,兰蔻,1176,折扣券,支付宝,已付
20381,9540,2025-03-27,南京,56+,家居,慕思,1969,满减,微信,已付
20382,3869,2025-03-16,武汉,36-45,服饰,优衣库,4589,折扣券,银联,已付
20383,7244,2025-03-29,石家庄,46-55,玩具,小熊,413,满减,银联,已付
20384,9813,2025-03-25,南京,46-55,日用品,蓝月亮,2485,满减,微信,已付
20385,7761,2025-03-24,深圳,26-35,服饰,李宁,3822,无优惠,银联,已付
20386,6411,2025-03-22,郑州,56+,家电,苏泊尔,2018,满减,微信,已付
20387,1844,2025-03-29,上海,46-55,食品,三只松鼠,4416,折扣券,微信,已付
20388,4555,2025-03-17,武汉,56+,家居,罗莱,625,无优惠,银联,已付
20389,2922,2025-03-24,深圳,36-45,服饰,优衣库,1764,无优惠,银联,已付
20390,5637,2025-03-24,深圳,56+,美妆,完美日记,1989,折扣券,支付宝,已付
20391,9147,2025-03-21,成都,56+,食品,奥利奥,2171,满减,银联,已付
20392,1749,2025-03-23,上海,46-55,食品,良品铺子,3065,满减,支付宝,已付
20393,7841,2025-03-27,深圳,26-35,手机,苹果,4561,折扣券,银联,已付
20394,9180,2025-03-18,广州,26-35,食品,良品铺子,3140,折扣券,微信,已付
20395,9037,2025-03-26,石家庄,36-45,服饰,波司登,5956,折扣券,银联,已付
20396,4015,2025-03-23,广州,36-45,家电,格力,5929,折扣券,支付宝,已付
20397,1104,2025-03-26,石家庄,18-25,玩具,乐高,637,折扣券,微信,已付
20398,8471,2025-03-22,广州,26-35,电脑,戴尔,103,无优惠,银联,已付
20399,1108,2025-03-20,北京,56+,家居,顾家,5429,满减,微信,已付
20400,9777,2025-03-26,郑州,46-55,手机,华为,4365,折扣券,支付宝,已付
20401,3439,2025-03-18,北京,56+,日用品,蓝月亮,905,无优惠,银联,已付
20402,2294,2025-03-16,深圳,56+,玩具,万代,2932,满减,支付宝,已付
20403,2320,2025-03-20,武汉,46-55,家居,水星,5740,无优惠,支付宝,已付
20404,8798,2025-03-29,石家庄,18-25,电脑,华硕,3135,满减,银联,已付
20405,6427,2025-03-10,石家庄,18-25,家电,美的,4123,满减,银联,已付
20406,8790,2025-03-27,上海,56+,手机,小米,1760,折扣券,银联,已付
20407,3938,2025-03-17,北京,18-25,服饰,太平鸟,4645,折扣券,微信,已付
20408,5903,2025-03-19,北京,26-35,家居,水星,5867,满减,微信,已付
20409,7288,2025-03-14,济南,26-35,家居,顾家,5575,折扣券,支付宝,已付
20410,2245,2025-03-13,上海,56+,食品,三只松鼠,829,满减,微信,已付
20411,5478,2025-03-19,济南,56+,家居,顾家,2702,无优惠,银联,已付
20412,7227,2025-03-23,成都,26-35,食品,百草味,3104,满减,微信,已付
20413,7225,2025-03-11,济南,36-45,美妆,兰蔻,701,满减,微信,已付
20414,1085,2025-03-31,石家庄,26-35,日用品,洁丽雅,2983,无优惠,微信,已付
20415,8061,2025-03-18,成都,36-45,服饰,优衣库,1114,无优惠,微信,已付
20416,6798,2025-03-23,郑州,56+,玩具,小熊,875,无优惠,微信,已付
20417,7779,2025-03-26,上海,56+,家居,慕思,3184,无优惠,支付宝,已付
20418,7237,2025-03-21,上海,56+,美妆,迪奥,4297,无优惠,银联,已付
20419,3739,2025-03-14,广州,36-45,服饰,安踏,4068,无优惠,微信,已付
20420,5040,2025-03-22,杭州,46-55,服饰,波司登,659,满减,支付宝,已付
20421,5991,2025-03-29,成都,56+,家居,水星,3779,无优惠,微信,已付
20422,8055,2025-03-09,武汉,36-45,家居,顾家,2728,满减,支付宝,已付
20423,8848,2025-03-29,济南,26-35,服饰,安踏,4970,折扣券,微信,已付
20424,4971,2025-03-19,广州,46-55,食品,奥利奥,5722,折扣券,支付宝,已付
20425,9939,2025-03-19,武汉,36-45,日用品,洁丽雅,961,折扣券,微信,已付
20426,5773,2025-03-14,石家庄,56+,手机,OPPO,5831,无优惠,支付宝,已付
20427,5139,2025-03-31,上海,46-55,保健品,善存,5217,满减,微信,已付
20428,7566,2025-03-30,广州,46-55,日用品,舒肤佳,3707,折扣券,支付宝,已付
20429,2392,2025-03-26,郑州,46-55,玩具,乐高,2974,折扣券,银联,已付
20430,7547,2025-03-12,深圳,36-45,家电,九阳,391,折扣券,银联,已付
20431,9499,2025-03-19,武汉,18-25,手机,华为,2148,无优惠,银联,已付
20432,9199,2025-03-26,济南,56+,美妆,完美日记,3093,满减,支付宝,已付
20433,2901,2025-03-13,南京,18-25,保健品,汤臣倍健,2449,满减,微信,已付
20434,6706,2025-03-13,南京,36-45,食品,德芙,1723,折扣券,支付宝,已付
20435,2885,2025-03-24,上海,46-55,保健品,Swisse,579,满减,微信,已付
20436,3623,2025-03-09,南京,18-25,家电,格力,4256,无优惠,银联,已付
20437,4053,2025-03-19,郑州,46-55,保健品,善存,3347,折扣券,微信,已付
20438,8037,2025-03-29,石家庄,46-55,日用品,舒肤佳,5059,无优惠,支付宝,已付
20439,2667,2025-03-21,北京,26-35,美妆,花西子,5794,无优惠,银联,已付
20440,9019,2025-03-26,广州,36-45,食品,良品铺子,3777,无优惠,支付宝,已付
20441,2871,2025-03-25,石家庄,36-45,家居,顾家,5036,满减,银联,已付
20442,2388,2025-03-20,南京,46-55,家居,水星,5547,折扣券,支付宝,已付
20443,7116,2025-03-30,广州,36-45,电脑,戴尔,2530,无优惠,微信,已付
20444,7286,2025-03-31,广州,56+,日用品,清风,4914,无优惠,银联,已付
20445,5732,2025-03-22,广州,46-55,玩具,孩之宝,4574,无优惠,支付宝,已付
20446,3236,2025-03-13,广州,36-45,保健品,汤臣倍健,2970,无优惠,支付宝,已付
20447,7809,2025-03-15,武汉,56+,玩具,小熊,3380,折扣券,支付宝,已付
20448,5785,2025-03-31,成都,46-55,家电,美的,4660,无优惠,微信,已付
20449,9115,2025-03-10,杭州,26-35,玩具,万代,1406,满减,银联,已付
20450,9880,2025-03-26,郑州,18-25,家居,罗莱,2223,折扣券,支付宝,已付
20451,5055,2025-03-10,成都,56+,美妆,完美日记,867,折扣券,银联,已付
20452,4882,2025-03-18,北京,46-55,服饰,安踏,741,满减,微信,已付
20453,4385,2025-03-15,济南,36-45,家居,顾家,1388,折扣券,微信,已付
20454,3758,2025-03-15,北京,56+,食品,百草味,2331,折扣券,银联,已付
20455,3221,2025-03-19,杭州,36-45,家居,慕思,4243,折扣券,微信,已付
20456,6277,2025-03-22,北京,36-45,家电,格力,2074,无优惠,银联,已付
20457,7786,2025-03-16,石家庄,46-55,保健品,善存,4759,折扣券,支付宝,已付
20458,7046,2025-03-21,成都,18-25,电脑,华硕,4252,折扣券,支付宝,已付
20459,6869,2025-03-23,成都,36-45,家居,罗莱,792,折扣券,支付宝,已付
20460,6289,2025-03-11,郑州,46-55,美妆,完美日记,1764,满减,支付宝,已付
20461,1793,2025-03-18,南京,56+,家居,水星,4666,满减,支付宝,已付
20462,1011,2025-03-10,上海,46-55,手机,华为,1323,满减,支付宝,已付
20463,6905,2025-03-22,深圳,26-35,服饰,李宁,2273,无优惠,银联,已付
20464,4836,2025-03-17,上海,36-45,家电,美的,3275,折扣券,支付宝,已付
20465,3174,2025-03-22,石家庄,18-25,电脑,联想,1777,满减,微信,已付
20466,2975,2025-03-27,深圳,56+,保健品,汤臣倍健,95,折扣券,支付宝,已付
20467,2678,2025-03-22,广州,46-55,电脑,戴尔,3167,无优惠,银联,已付
20468,3340,2025-03-12,南京,36-45,服饰,李宁,3164,无优惠,银联,已付
20469,6753,2025-03-11,郑州,56+,手机,vivo,5353,无优惠,支付宝,已付
20470,2420,2025-03-15,石家庄,26-35,日用品,妙洁,5653,满减,微信,已付
20471,3290,2025-03-12,广州,18-25,家居,顾家,2908,满减,支付宝,已付
20472,5668,2025-03-16,杭州,18-25,美妆,迪奥,4952,折扣券,银联,已付
20473,7418,2025-03-31,北京,36-45,美妆,迪奥,5000,折扣券,微信,已付
20474,9185,2025-03-18,石家庄,18-25,美妆,完美日记,3190,无优惠,微信,已付
20475,7337,2025-03-29,济南,18-25,玩具,乐高,2987,满减,微信,已付
20476,2106,2025-03-27,武汉,36-45,玩具,孩之宝,3887,无优惠,微信,已付
20477,9209,2025-03-09,杭州,26-35,手机,华为,3289,折扣券,支付宝,已付
20478,5546,2025-03-22,武汉,46-55,电脑,宏碁,4433,折扣券,微信,已付
20479,7401,2025-03-11,杭州,18-25,玩具,孩之宝,1301,折扣券,支付宝,已付
20480,2412,2025-03-27,石家庄,18-25,服饰,波司登,1983,无优惠,微信,已付
20481,3877,2025-03-22,上海,46-55,家居,芝华仕,479,满减,银联,已付
20482,9474,2025-03-12,北京,26-35,手机,小米,4095,满减,银联,已付
20483,8034,2025-03-17,广州,36-45,家电,海尔,996,无优惠,支付宝,已付
20484,8457,2025-03-17,郑州,18-25,服饰,太平鸟,5169,无优惠,支付宝,已付
20485,2685,2025-03-25,南京,18-25,保健品,善存,3041,无优惠,支付宝,已付
20486,5006,2025-03-27,石家庄,18-25,美妆,迪奥,50,无优惠,微信,已付
20487,7870,2025-03-10,成都,36-45,日用品,蓝月亮,1495,无优惠,银联,已付
20488,7108,2025-03-16,南京,26-35,日用品,洁丽雅,2251,无优惠,银联,已付
20489,2129,2025-03-12,郑州,18-25,家电,格力,4254,无优惠,支付宝,已付
20490,7044,2025-03-23,杭州,36-45,食品,三只松鼠,4559,满减,微信,已付
20491,9083,2025-03-15,杭州,56+,服饰,太平鸟,2016,满减,支付宝,已付
20492,9872,2025-03-15,郑州,26-35,家电,美的,3388,无优惠,微信,已付
20493,6038,2025-03-20,石家庄,18-25,食品,三只松鼠,5413,满减,银联,已付
20494,5584,2025-03-12,深圳,56+,美妆,完美日记,4059,无优惠,微信,已付
20495,2391,2025-03-11,北京,26-35,玩具,小熊,5770,满减,支付宝,已付
20496,2020,2025-03-27,上海,56+,家电,苏泊尔,642,折扣券,银联,已付
20497,6345,2025-03-22,石家庄,26-35,美妆,花西子,2167,满减,支付宝,已付
20498,2785,2025-03-19,成都,36-45,美妆,兰蔻,1689,无优惠,银联,已付
20499,9780,2025-03-13,上海,26-35,保健品,Move Free,2601,满减,微信,已付
20500,3582,2025-03-20,深圳,46-55,服饰,波司登,2199,无优惠,微信,已付
20501,5066,2025-03-30,杭州,56+,手机,小米,2714,无优惠,微信,已付
20502,7625,2025-03-20,武汉,56+,手机,苹果,2160,无优惠,微信,已付
20503,2989,2025-03-23,郑州,56+,美妆,兰蔻,3814,无优惠,微信,已付
20504,2376,2025-03-09,北京,26-35,家电,格力,3310,满减,银联,已付
20505,8265,2025-03-27,济南,36-45,电脑,联想,557,无优惠,银联,已付
20506,8096,2025-03-13,上海,36-45,电脑,联想,3805,无优惠,微信,已付
20507,4066,2025-03-21,成都,18-25,日用品,清风,1444,满减,微信,已付
20508,5026,2025-03-17,杭州,46-55,家电,美的,5059,折扣券,银联,已付
20509,5583,2025-03-29,杭州,46-55,日用品,妙洁,3953,无优惠,微信,已付
20510,1319,2025-03-21,广州,46-55,美妆,迪奥,2070,折扣券,银联,已付
20511,6269,2025-03-21,南京,46-55,玩具,小熊,2847,折扣券,银联,已付
20512,5602,2025-03-21,杭州,26-35,手机,苹果,4920,无优惠,微信,已付
20513,5060,2025-03-10,成都,56+,食品,百草味,1935,无优惠,微信,已付
20514,6813,2025-03-30,深圳,36-45,玩具,乐高,1826,折扣券,支付宝,已付
20515,1462,2025-03-14,广州,26-35,家居,慕思,5743,满减,银联,已付
20516,9882,2025-03-31,南京,56+,家居,水星,4641,无优惠,支付宝,已付
20517,4584,2025-03-18,广州,46-55,手机,华为,489,无优惠,银联,已付
20518,6582,2025-03-09,郑州,46-55,手机,苹果,5059,无优惠,微信,已付
20519,3320,2025-03-31,广州,36-45,手机,华为,1239,折扣券,银联,已付
20520,2655,2025-03-12,郑州,36-45,电脑,惠普,5800,折扣券,支付宝,已付
20521,6198,2025-03-19,杭州,36-45,家电,格力,3607,折扣券,支付宝,已付
20522,7199,2025-03-14,郑州,56+,食品,良品铺子,5481,折扣券,微信,已付
20523,1530,2025-03-18,杭州,26-35,家电,美的,5779,折扣券,支付宝,已付
20524,9129,2025-03-14,济南,36-45,家居,水星,5268,折扣券,微信,已付
20525,2453,2025-03-13,南京,18-25,美妆,花西子,2646,无优惠,银联,已付
20526,2110,2025-03-31,石家庄,36-45,保健品,汤臣倍健,2201,无优惠,微信,已付
20527,7875,2025-03-20,杭州,18-25,手机,华为,3190,满减,银联,已付
20528,8855,2025-03-14,武汉,46-55,日用品,洁丽雅,4502,满减,微信,已付
20529,1328,2025-03-27,石家庄,26-35,家电,苏泊尔,632,无优惠,支付宝,已付
20530,2228,2025-03-19,杭州,18-25,电脑,惠普,1422,满减,微信,已付
20531,8066,2025-03-26,上海,36-45,家居,芝华仕,3983,折扣券,微信,已付
20532,4367,2025-03-29,广州,56+,日用品,蓝月亮,467,无优惠,支付宝,已付
20533,4891,2025-03-15,武汉,56+,玩具,万代,5440,满减,支付宝,已付
20534,6911,2025-03-12,北京,46-55,家居,芝华仕,4050,无优惠,微信,已付
20535,1421,2025-03-09,武汉,18-25,服饰,太平鸟,3963,无优惠,微信,已付
20536,8715,2025-03-15,广州,36-45,电脑,华硕,975,满减,支付宝,已付
20537,7249,2025-03-24,石家庄,36-45,电脑,宏碁,3203,无优惠,支付宝,已付
20538,4706,2025-03-20,广州,46-55,手机,苹果,3631,满减,支付宝,已付
20539,9871,2025-03-17,济南,18-25,家电,美的,731,折扣券,支付宝,已付
20540,9773,2025-03-22,济南,26-35,玩具,乐高,3200,折扣券,支付宝,已付
20541,1568,2025-03-30,成都,56+,美妆,完美日记,2477,无优惠,支付宝,已付
20542,3832,2025-03-25,济南,56+,家居,芝华仕,1236,无优惠,支付宝,已付
20543,8133,2025-03-14,深圳,26-35,家电,美的,3497,无优惠,银联,已付
20544,2425,2025-03-15,石家庄,26-35,家居,慕思,2648,折扣券,微信,已付
20545,1202,2025-03-21,郑州,46-55,玩具,万代,2291,折扣券,支付宝,已付
20546,3428,2025-03-31,济南,56+,玩具,小熊,950,满减,微信,已付
20547,9775,2025-03-27,济南,56+,电脑,联想,4638,无优惠,支付宝,已付
20548,1613,2025-03-20,武汉,36-45,日用品,清风,4715,折扣券,支付宝,已付
20549,7581,2025-03-14,杭州,46-55,家电,九阳,5015,折扣券,银联,已付
20550,1331,2025-03-10,武汉,36-45,美妆,兰蔻,3921,满减,支付宝,已付
20551,4734,2025-03-19,杭州,36-45,服饰,波司登,5732,折扣券,微信,已付
20552,2462,2025-03-13,杭州,46-55,食品,奥利奥,5999,满减,银联,已付
20553,9442,2025-03-15,成都,26-35,日用品,清风,4260,满减,微信,已付
20554,1474,2025-03-14,上海,36-45,玩具,小熊,1140,折扣券,银联,已付
20555,6904,2025-03-14,深圳,26-35,手机,小米,299,满减,微信,已付
20556,3029,2025-03-31,深圳,36-45,食品,德芙,4166,满减,银联,已付
20557,8775,2025-03-30,北京,26-35,食品,德芙,4895,满减,微信,已付
20558,2480,2025-03-27,郑州,36-45,食品,良品铺子,2147,折扣券,银联,已付
20559,4688,2025-03-18,北京,46-55,手机,小米,4716,无优惠,微信,已付
20560,8767,2025-03-30,深圳,36-45,日用品,妙洁,193,折扣券,微信,已付
20561,6004,2025-03-13,石家庄,26-35,家居,罗莱,1862,满减,银联,已付
20562,4575,2025-03-31,石家庄,36-45,日用品,清风,2885,满减,支付宝,已付
20563,9380,2025-03-23,杭州,56+,家居,顾家,4817,无优惠,微信,已付
20564,2771,2025-03-30,南京,56+,家居,芝华仕,2344,满减,银联,已付
20565,5895,2025-03-24,上海,36-45,服饰,安踏,2297,满减,银联,已付
20566,6236,2025-03-15,广州,56+,美妆,兰蔻,4944,满减,银联,已付
20567,7361,2025-03-30,广州,18-25,保健品,Swisse,2154,满减,支付宝,已付
20568,9759,2025-03-10,济南,56+,美妆,花西子,5980,折扣券,微信,已付
20569,3967,2025-03-29,成都,36-45,玩具,万代,1421,折扣券,银联,已付
20570,6499,2025-03-18,上海,46-55,家电,海尔,5969,折扣券,微信,已付
20571,7089,2025-03-29,上海,26-35,食品,良品铺子,2544,满减,支付宝,已付
20572,2166,2025-03-17,济南,36-45,保健品,汤臣倍健,3883,无优惠,银联,已付
20573,1885,2025-03-24,深圳,56+,电脑,华硕,4369,满减,支付宝,已付
20574,6183,2025-03-13,广州,26-35,食品,德芙,4693,满减,微信,已付
20575,1950,2025-03-31,广州,18-25,保健品,Swisse,5198,无优惠,支付宝,已付
20576,2442,2025-03-09,成都,36-45,美妆,雅诗兰黛,4749,无优惠,支付宝,已付
20577,1076,2025-03-13,济南,46-55,日用品,清风,3543,满减,支付宝,已付
20578,1293,2025-03-10,郑州,26-35,食品,三只松鼠,2668,折扣券,微信,已付
20579,7284,2025-03-30,北京,26-35,美妆,花西子,2585,无优惠,微信,已付
20580,8469,2025-03-25,济南,36-45,家电,美的,403,满减,支付宝,已付
20581,9031,2025-03-25,济南,56+,食品,德芙,5655,无优惠,支付宝,已付
20582,3149,2025-03-20,深圳,26-35,日用品,舒肤佳,1900,无优惠,银联,已付
20583,1612,2025-03-15,北京,56+,玩具,孩之宝,1037,满减,银联,已付
20584,2771,2025-03-21,石家庄,36-45,玩具,任天堂,427,折扣券,微信,已付
20585,9966,2025-03-29,北京,18-25,电脑,华硕,3668,满减,微信,已付
20586,2654,2025-03-17,成都,26-35,美妆,兰蔻,2495,满减,银联,已付
20587,2718,2025-03-30,郑州,36-45,家居,芝华仕,5769,无优惠,支付宝,已付
20588,4272,2025-03-25,济南,18-25,服饰,优衣库,899,满减,微信,已付
20589,9980,2025-03-17,郑州,26-35,食品,德芙,2448,无优惠,微信,已付
20590,2458,2025-03-24,深圳,46-55,食品,良品铺子,51,无优惠,银联,已付
20591,2659,2025-03-12,济南,46-55,家电,美的,4220,无优惠,银联,已付
20592,2635,2025-03-17,石家庄,26-35,保健品,Swisse,2192,满减,微信,已付
20593,2556,2025-03-14,北京,36-45,食品,奥利奥,3518,折扣券,微信,已付
20594,5395,2025-03-10,北京,26-35,家电,海尔,2957,满减,银联,已付
20595,5453,2025-03-11,南京,36-45,家电,美的,3312,满减,支付宝,已付
20596,1960,2025-03-21,成都,46-55,家电,美的,1114,折扣券,银联,已付
20597,3969,2025-03-14,上海,46-55,家居,顾家,4689,折扣券,支付宝,已付
20598,8914,2025-03-28,武汉,36-45,家居,罗莱,5636,折扣券,微信,已付
20599,6148,2025-03-24,上海,46-55,保健品,汤臣倍健,547,满减,银联,已付
20600,9504,2025-03-09,石家庄,56+,家居,芝华仕,1863,折扣券,支付宝,已付
20601,7305,2025-03-25,济南,18-25,日用品,蓝月亮,3976,满减,银联,已付
20602,8688,2025-03-13,郑州,56+,手机,华为,5299,无优惠,银联,已付
20603,1824,2025-03-24,广州,18-25,保健品,Swisse,2002,满减,支付宝,已付
20604,8277,2025-03-25,深圳,56+,日用品,清风,1954,无优惠,支付宝,已付
20605,1291,2025-03-27,成都,18-25,保健品,Move Free,2618,无优惠,支付宝,已付
20606,5990,2025-03-12,武汉,46-55,手机,vivo,4527,无优惠,微信,已付
20607,8445,2025-03-25,郑州,26-35,保健品,Swisse,3005,无优惠,微信,已付
20608,8414,2025-03-19,郑州,56+,家居,顾家,5899,折扣券,支付宝,已付
20609,9973,2025-03-12,上海,26-35,手机,苹果,2938,折扣券,支付宝,已付
20610,7704,2025-03-25,南京,18-25,手机,小米,4062,无优惠,银联,已付
20611,8488,2025-03-12,杭州,56+,美妆,雅诗兰黛,1018,满减,微信,已付
20612,3018,2025-03-15,南京,18-25,日用品,舒肤佳,5216,折扣券,银联,已付
20613,1795,2025-03-23,成都,56+,玩具,孩之宝,4115,无优惠,银联,已付
20614,3103,2025-03-26,武汉,56+,保健品,善存,5696,折扣券,微信,已付
20615,5067,2025-03-12,武汉,56+,家居,慕思,4158,满减,支付宝,已付
20616,9393,2025-03-17,武汉,36-45,服饰,波司登,1121,无优惠,支付宝,已付
20617,5760,2025-03-18,郑州,36-45,玩具,孩之宝,1674,无优惠,银联,已付
20618,6281,2025-03-30,南京,26-35,家电,九阳,4473,折扣券,银联,已付
20619,7839,2025-03-31,上海,36-45,玩具,小熊,4803,折扣券,银联,已付
20620,7240,2025-03-30,郑州,36-45,日用品,舒肤佳,4311,无优惠,微信,已付
20621,5105,2025-03-13,北京,18-25,美妆,花西子,1347,满减,银联,已付
20622,2679,2025-03-13,北京,36-45,美妆,迪奥,293,满减,支付宝,已付
20623,5712,2025-03-28,石家庄,56+,美妆,迪奥,3214,无优惠,银联,已付
20624,1881,2025-03-31,石家庄,18-25,日用品,清风,3441,折扣券,支付宝,已付
20625,7025,2025-03-09,杭州,26-35,家居,顾家,1876,折扣券,银联,已付
20626,2220,2025-03-27,郑州,56+,美妆,雅诗兰黛,2438,满减,微信,已付
20627,5329,2025-03-14,广州,56+,电脑,华硕,361,满减,支付宝,已付
20628,3536,2025-03-13,广州,56+,服饰,优衣库,2736,满减,银联,已付
20629,5934,2025-03-10,广州,36-45,家居,罗莱,5152,折扣券,银联,已付
20630,4603,2025-03-24,济南,56+,食品,三只松鼠,5826,满减,银联,已付
20631,7609,2025-03-14,郑州,18-25,玩具,孩之宝,3436,折扣券,银联,已付
20632,4579,2025-03-11,南京,26-35,美妆,花西子,2741,满减,支付宝,已付
20633,8301,2025-03-28,郑州,46-55,玩具,乐高,968,折扣券,支付宝,已付
20634,7248,2025-03-16,石家庄,56+,家居,水星,355,折扣券,支付宝,已付
20635,9426,2025-03-12,武汉,36-45,玩具,万代,231,折扣券,支付宝,已付
20636,9419,2025-03-25,成都,46-55,手机,苹果,5366,无优惠,支付宝,已付
20637,4453,2025-03-11,上海,26-35,玩具,任天堂,89,折扣券,微信,已付
20638,8130,2025-03-30,石家庄,26-35,日用品,舒肤佳,1713,折扣券,银联,已付
20639,2433,2025-03-29,上海,26-35,手机,OPPO,5901,满减,微信,已付
20640,5237,2025-03-11,北京,26-35,服饰,太平鸟,606,折扣券,微信,已付
20641,2938,2025-03-22,武汉,46-55,日用品,清风,2620,无优惠,支付宝,已付
20642,6860,2025-03-26,北京,56+,电脑,宏碁,401,折扣券,微信,已付
20643,7249,2025-03-25,上海,36-45,服饰,太平鸟,737,满减,支付宝,已付
20644,7406,2025-03-21,石家庄,18-25,保健品,善存,4399,无优惠,微信,已付
20645,3316,2025-03-26,杭州,26-35,服饰,安踏,120,折扣券,银联,已付
20646,2394,2025-03-12,北京,18-25,家居,芝华仕,3257,折扣券,银联,已付
20647,3637,2025-03-18,深圳,36-45,美妆,完美日记,5320,折扣券,微信,已付
20648,1891,2025-03-14,深圳,56+,服饰,李宁,967,无优惠,银联,已付
20649,2608,2025-03-26,成都,56+,电脑,惠普,5531,无优惠,支付宝,已付
20650,4842,2025-03-15,济南,46-55,食品,奥利奥,1079,折扣券,银联,已付
20651,6379,2025-03-12,杭州,56+,电脑,戴尔,2632,满减,支付宝,已付
20652,6182,2025-03-28,石家庄,36-45,家居,水星,4662,折扣券,支付宝,已付
20653,8145,2025-03-22,广州,18-25,食品,良品铺子,1843,折扣券,银联,已付
20654,6004,2025-03-17,南京,26-35,食品,德芙,3820,满减,支付宝,已付
20655,9824,2025-03-24,郑州,18-25,家电,九阳,700,满减,微信,已付
20656,7637,2025-03-15,杭州,18-25,电脑,联想,4183,折扣券,微信,已付
20657,3435,2025-03-27,深圳,18-25,玩具,万代,4481,折扣券,支付宝,已付
20658,9362,2025-03-20,武汉,26-35,家居,慕思,1125,满减,银联,已付
20659,3717,2025-03-11,武汉,36-45,玩具,乐高,5457,无优惠,银联,已付
20660,3395,2025-03-25,广州,46-55,家电,格力,4668,折扣券,银联,已付
20661,7052,2025-03-24,南京,18-25,美妆,完美日记,1927,无优惠,支付宝,已付
20662,1760,2025-03-16,北京,26-35,玩具,万代,3208,满减,支付宝,已付
20663,5314,2025-03-10,石家庄,36-45,电脑,宏碁,5219,满减,银联,已付
20664,2275,2025-03-27,郑州,56+,家电,苏泊尔,5383,满减,支付宝,已付
20665,8976,2025-03-25,杭州,46-55,美妆,迪奥,3353,满减,支付宝,已付
20666,2263,2025-03-24,济南,18-25,玩具,孩之宝,3632,无优惠,微信,已付
20667,2938,2025-03-25,石家庄,36-45,美妆,雅诗兰黛,1560,无优惠,支付宝,已付
20668,8848,2025-03-30,深圳,46-55,食品,三只松鼠,3973,折扣券,支付宝,已付
20669,3639,2025-03-15,济南,26-35,日用品,舒肤佳,2025,无优惠,微信,已付
20670,5231,2025-03-13,石家庄,56+,手机,vivo,1232,无优惠,微信,已付
20671,5644,2025-03-14,郑州,46-55,家居,芝华仕,5252,无优惠,银联,已付
20672,7730,2025-03-11,深圳,46-55,家居,顾家,3974,无优惠,微信,已付
20673,3747,2025-03-28,广州,56+,家电,九阳,5432,折扣券,支付宝,已付
20674,7315,2025-03-30,南京,46-55,家居,芝华仕,592,无优惠,支付宝,已付
20675,3450,2025-03-13,上海,18-25,美妆,迪奥,4160,折扣券,支付宝,已付
20676,2526,2025-03-28,上海,26-35,保健品,汤臣倍健,4382,折扣券,微信,已付
20677,8069,2025-03-24,石家庄,26-35,家居,芝华仕,38,折扣券,银联,已付
20678,7246,2025-03-25,武汉,36-45,手机,vivo,3543,无优惠,支付宝,已付
20679,4809,2025-03-20,济南,56+,电脑,华硕,1125,满减,支付宝,已付
20680,1116,2025-03-11,杭州,56+,玩具,小熊,2140,无优惠,微信,已付
20681,6175,2025-03-27,郑州,18-25,玩具,乐高,3101,折扣券,微信,已付
20682,5281,2025-03-22,南京,18-25,家电,苏泊尔,5366,折扣券,支付宝,已付
20683,4337,2025-03-26,武汉,56+,食品,百草味,2286,折扣券,支付宝,已付
20684,8925,2025-03-22,郑州,56+,保健品,善存,3061,折扣券,银联,已付
20685,4764,2025-03-17,杭州,56+,食品,德芙,1160,折扣券,微信,已付
20686,1852,2025-03-23,广州,18-25,美妆,迪奥,3310,满减,银联,已付
20687,2444,2025-03-14,武汉,18-25,电脑,戴尔,3892,折扣券,支付宝,已付
20688,7296,2025-03-11,杭州,26-35,食品,三只松鼠,5018,无优惠,银联,已付
20689,9099,2025-03-21,济南,56+,服饰,太平鸟,499,无优惠,银联,已付
20690,9364,2025-03-23,北京,26-35,玩具,万代,1624,无优惠,银联,已付
20691,1004,2025-03-25,深圳,56+,家电,美的,2975,无优惠,银联,已付
20692,4281,2025-03-14,上海,36-45,日用品,洁丽雅,5514,满减,支付宝,已付
20693,6703,2025-03-25,北京,18-25,电脑,宏碁,2359,折扣券,银联,已付
20694,1076,2025-03-20,杭州,26-35,家居,水星,3754,满减,银联,已付
20695,5821,2025-03-17,广州,46-55,玩具,乐高,4605,无优惠,银联,已付
20696,8254,2025-03-19,上海,56+,服饰,太平鸟,4738,满减,银联,已付
20697,1448,2025-03-21,济南,46-55,美妆,花西子,3787,折扣券,支付宝,已付
20698,4767,2025-03-24,上海,36-45,电脑,华硕,5219,无优惠,银联,已付
20699,5067,2025-03-19,武汉,36-45,玩具,任天堂,108,折扣券,支付宝,已付
20700,6142,2025-03-18,上海,46-55,食品,三只松鼠,4571,无优惠,支付宝,已付
20701,4271,2025-03-20,深圳,56+,服饰,李宁,5625,无优惠,支付宝,已付
20702,6833,2025-03-16,深圳,36-45,美妆,雅诗兰黛,1690,无优惠,银联,已付
20703,1692,2025-03-13,上海,18-25,电脑,华硕,5057,无优惠,银联,已付
20704,3996,2025-03-24,南京,56+,食品,德芙,4735,满减,支付宝,已付
20705,7933,2025-03-25,杭州,46-55,美妆,迪奥,1079,无优惠,银联,已付
20706,8490,2025-03-24,郑州,18-25,玩具,万代,3254,折扣券,微信,已付
20707,7216,2025-03-12,郑州,46-55,食品,三只松鼠,125,折扣券,微信,已付
20708,5306,2025-03-27,上海,36-45,食品,百草味,2156,无优惠,银联,已付
20709,7945,2025-03-16,杭州,46-55,家居,慕思,3026,无优惠,支付宝,已付
20710,3148,2025-03-15,武汉,36-45,食品,德芙,2319,满减,微信,已付
20711,7240,2025-03-27,石家庄,26-35,电脑,惠普,1960,折扣券,支付宝,已付
20712,3203,2025-03-15,广州,26-35,保健品,汤臣倍健,1475,满减,支付宝,已付
20713,1781,2025-03-29,郑州,56+,食品,德芙,2486,满减,银联,已付
20714,2577,2025-03-21,上海,26-35,手机,小米,2112,满减,银联,已付
20715,6638,2025-03-23,南京,36-45,食品,奥利奥,4619,折扣券,支付宝,已付
20716,9821,2025-03-09,武汉,18-25,食品,百草味,1658,折扣券,银联,已付
20717,2284,2025-03-14,杭州,36-45,食品,百草味,4022,折扣券,支付宝,已付
20718,7911,2025-03-21,济南,36-45,保健品,善存,1401,折扣券,支付宝,已付
20719,4739,2025-03-29,济南,56+,日用品,舒肤佳,677,无优惠,支付宝,已付
20720,8289,2025-03-19,南京,36-45,服饰,太平鸟,5309,满减,支付宝,已付
20721,3048,2025-03-20,济南,56+,保健品,Move Free,1399,无优惠,微信,已付
20722,2565,2025-03-16,石家庄,36-45,电脑,戴尔,1396,满减,微信,已付
20723,2702,2025-03-11,成都,56+,手机,华为,3281,折扣券,微信,已付
20724,5655,2025-03-17,济南,26-35,电脑,华硕,2563,无优惠,微信,已付
20725,6846,2025-03-23,石家庄,26-35,家电,九阳,1426,无优惠,微信,已付
20726,9835,2025-03-19,成都,46-55,玩具,万代,4522,满减,微信,已付
20727,9745,2025-03-14,济南,56+,保健品,Move Free,4317,折扣券,银联,已付
20728,6992,2025-03-18,南京,46-55,玩具,孩之宝,762,满减,支付宝,已付
20729,6634,2025-03-22,杭州,26-35,服饰,优衣库,29,折扣券,微信,已付
20730,8052,2025-03-18,成都,56+,手机,OPPO,3937,满减,微信,已付
20731,8161,2025-03-18,济南,26-35,手机,vivo,3089,无优惠,支付宝,已付
20732,7917,2025-03-21,深圳,26-35,日用品,清风,1836,满减,微信,已付
20733,9715,2025-03-29,深圳,56+,家居,慕思,2361,折扣券,银联,已付
20734,8460,2025-03-17,武汉,26-35,电脑,戴尔,1148,满减,微信,已付
20735,3492,2025-03-28,成都,36-45,家居,顾家,1567,满减,微信,已付
20736,8183,2025-03-10,郑州,18-25,家电,美的,2340,满减,微信,已付
20737,7885,2025-03-09,深圳,18-25,家电,美的,4072,无优惠,支付宝,已付
20738,1918,2025-03-18,成都,36-45,保健品,汤臣倍健,2734,无优惠,微信,已付
20739,7251,2025-03-17,武汉,18-25,玩具,小熊,1516,无优惠,支付宝,已付
20740,4263,2025-03-09,上海,26-35,日用品,清风,2053,折扣券,微信,已付
20741,6293,2025-03-23,上海,56+,美妆,完美日记,3216,折扣券,支付宝,已付
20742,5895,2025-03-14,石家庄,18-25,玩具,任天堂,1029,满减,支付宝,已付
20743,6316,2025-03-15,南京,18-25,美妆,兰蔻,1962,折扣券,支付宝,已付
20744,1688,2025-03-09,广州,36-45,家居,罗莱,3271,无优惠,微信,已付
20745,9190,2025-03-27,成都,56+,家电,海尔,762,无优惠,微信,已付
20746,3521,2025-03-11,石家庄,56+,食品,三只松鼠,518,满减,银联,已付
20747,6690,2025-03-31,郑州,18-25,家电,苏泊尔,1935,满减,银联,已付
20748,1646,2025-03-23,深圳,18-25,日用品,洁丽雅,5963,无优惠,支付宝,已付
20749,4057,2025-03-24,成都,56+,服饰,太平鸟,5739,满减,微信,已付
20750,2128,2025-03-26,南京,36-45,保健品,Swisse,4933,折扣券,微信,已付
20751,1011,2025-03-25,广州,46-55,服饰,安踏,4465,满减,支付宝,已付
20752,4912,2025-03-29,郑州,46-55,家电,美的,5105,满减,银联,已付
20753,3525,2025-03-19,上海,56+,日用品,蓝月亮,4322,折扣券,支付宝,已付
20754,2092,2025-03-28,杭州,36-45,日用品,洁丽雅,933,无优惠,银联,已付
20755,2617,2025-03-10,广州,26-35,手机,小米,905,满减,微信,已付
20756,2161,2025-03-10,济南,46-55,保健品,Swisse,431,满减,微信,已付
20757,7814,2025-03-09,深圳,46-55,电脑,华硕,5263,无优惠,支付宝,已付
20758,5979,2025-03-20,北京,56+,服饰,太平鸟,362,折扣券,微信,已付
20759,7313,2025-03-11,深圳,56+,电脑,联想,5969,无优惠,银联,已付
20760,7802,2025-03-15,深圳,56+,美妆,迪奥,5151,无优惠,银联,已付
20761,2705,2025-03-12,石家庄,56+,食品,德芙,5784,折扣券,支付宝,已付
20762,9747,2025-03-14,广州,56+,日用品,妙洁,2793,折扣券,微信,已付
20763,8054,2025-03-28,成都,36-45,食品,百草味,2688,满减,支付宝,已付
20764,5162,2025-03-19,济南,26-35,家居,芝华仕,1781,满减,银联,已付
20765,1267,2025-03-20,成都,46-55,日用品,舒肤佳,5978,无优惠,支付宝,已付
20766,1355,2025-03-25,广州,36-45,手机,苹果,1846,无优惠,支付宝,已付
20767,2544,2025-03-31,杭州,56+,玩具,任天堂,4703,折扣券,微信,已付
20768,5093,2025-03-10,成都,36-45,家电,格力,2199,满减,银联,已付
20769,2264,2025-03-16,杭州,36-45,电脑,宏碁,3304,折扣券,微信,已付
20770,1612,2025-03-19,成都,26-35,保健品,汤臣倍健,4905,折扣券,支付宝,已付
20771,2974,2025-03-27,武汉,18-25,手机,苹果,2879,满减,支付宝,已付
20772,1674,2025-03-16,石家庄,56+,手机,OPPO,472,满减,银联,已付
20773,3509,2025-03-19,郑州,56+,家电,海尔,4144,折扣券,微信,已付
20774,7460,2025-03-10,石家庄,46-55,保健品,汤臣倍健,1848,满减,支付宝,已付
20775,9980,2025-03-13,广州,36-45,电脑,华硕,4710,折扣券,微信,已付
20776,3209,2025-03-21,杭州,18-25,日用品,妙洁,3588,折扣券,微信,已付
20777,9589,2025-03-24,郑州,26-35,保健品,Move Free,5372,折扣券,微信,已付
20778,2467,2025-03-16,深圳,18-25,服饰,波司登,2678,折扣券,银联,已付
20779,6644,2025-03-12,石家庄,46-55,日用品,洁丽雅,2882,无优惠,支付宝,已付
20780,3389,2025-03-28,石家庄,18-25,服饰,李宁,2893,折扣券,支付宝,已付
20781,2841,2025-03-23,北京,26-35,美妆,花西子,1306,折扣券,微信,已付
20782,2823,2025-03-10,深圳,56+,家电,海尔,141,满减,银联,已付
20783,4471,2025-03-18,成都,46-55,手机,苹果,1741,折扣券,银联,已付
20784,3315,2025-03-15,郑州,56+,服饰,太平鸟,3985,折扣券,银联,已付
20785,5185,2025-03-31,石家庄,18-25,日用品,妙洁,5464,折扣券,微信,已付
20786,1136,2025-03-14,北京,36-45,美妆,迪奥,2251,无优惠,支付宝,已付
20787,7332,2025-03-11,武汉,36-45,食品,三只松鼠,185,满减,银联,已付
20788,2442,2025-03-16,武汉,56+,电脑,惠普,3999,折扣券,银联,已付
20789,5995,2025-03-14,深圳,56+,保健品,汤臣倍健,354,无优惠,银联,已付
20790,6822,2025-03-19,成都,46-55,家电,美的,2869,折扣券,支付宝,已付
20791,7343,2025-03-29,杭州,26-35,玩具,万代,536,折扣券,支付宝,已付
20792,3248,2025-03-09,郑州,36-45,美妆,雅诗兰黛,2828,满减,银联,已付
20793,3502,2025-03-11,武汉,56+,家居,水星,3447,无优惠,银联,已付
20794,3270,2025-03-22,杭州,56+,食品,德芙,4470,无优惠,微信,已付
20795,3215,2025-03-27,郑州,26-35,家电,海尔,5669,折扣券,银联,已付
20796,2939,2025-03-22,广州,56+,家电,海尔,584,折扣券,银联,已付
20797,8258,2025-03-14,南京,26-35,手机,苹果,3420,满减,支付宝,已付
20798,5372,2025-03-29,杭州,26-35,美妆,兰蔻,1106,无优惠,微信,已付
20799,1427,2025-03-28,济南,56+,美妆,迪奥,1931,无优惠,银联,已付
20800,7126,2025-03-20,上海,46-55,家电,九阳,4982,满减,银联,已付
20801,1528,2025-03-14,武汉,46-55,保健品,善存,1370,无优惠,微信,已付
20802,2083,2025-03-22,北京,36-45,日用品,蓝月亮,5528,无优惠,微信,已付
20803,7633,2025-03-14,成都,56+,保健品,Swisse,3777,无优惠,支付宝,已付
20804,9784,2025-03-10,济南,46-55,食品,德芙,5038,折扣券,银联,已付
20805,5025,2025-03-25,石家庄,18-25,玩具,乐高,3728,满减,微信,已付
20806,1807,2025-03-25,郑州,46-55,手机,vivo,3202,折扣券,银联,已付
20807,7921,2025-03-15,杭州,46-55,日用品,洁丽雅,2371,满减,微信,已付
20808,2481,2025-03-18,济南,18-25,玩具,孩之宝,3826,折扣券,支付宝,已付
20809,6299,2025-03-25,上海,26-35,家居,芝华仕,1137,满减,支付宝,已付
20810,6309,2025-03-23,北京,26-35,保健品,善存,3753,无优惠,支付宝,已付
20811,6946,2025-03-31,石家庄,26-35,电脑,联想,964,折扣券,支付宝,已付
20812,7235,2025-03-11,郑州,46-55,玩具,任天堂,1338,满减,银联,已付
20813,1840,2025-03-10,广州,36-45,家居,水星,1357,无优惠,微信,已付
20814,3155,2025-03-22,杭州,36-45,保健品,Swisse,5160,无优惠,微信,已付
20815,9904,2025-03-15,北京,56+,服饰,优衣库,3786,满减,支付宝,已付
20816,8434,2025-03-09,济南,46-55,美妆,雅诗兰黛,4852,折扣券,支付宝,已付
20817,5556,2025-03-22,成都,18-25,家居,芝华仕,82,无优惠,银联,已付
20818,6718,2025-03-28,石家庄,56+,美妆,兰蔻,1543,无优惠,微信,已付
20819,1803,2025-03-10,广州,18-25,家居,芝华仕,2473,满减,微信,已付
20820,3906,2025-03-12,武汉,26-35,家电,海尔,5035,折扣券,银联,已付
20821,7208,2025-03-23,济南,36-45,手机,华为,2480,满减,支付宝,已付
20822,5496,2025-03-11,武汉,56+,电脑,惠普,3885,无优惠,微信,已付
20823,1953,2025-03-19,郑州,46-55,玩具,孩之宝,5729,无优惠,银联,已付
20824,5705,2025-03-12,济南,56+,电脑,华硕,5960,折扣券,银联,已付
20825,3125,2025-03-22,济南,36-45,服饰,太平鸟,4740,折扣券,支付宝,已付
20826,4812,2025-03-28,济南,46-55,玩具,小熊,4063,无优惠,银联,已付
20827,2932,2025-03-31,杭州,26-35,手机,华为,225,满减,银联,已付
20828,4478,2025-03-15,济南,46-55,日用品,舒肤佳,2763,满减,银联,已付
20829,9301,2025-03-09,石家庄,26-35,服饰,安踏,584,满减,支付宝,已付
20830,1477,2025-03-26,南京,18-25,电脑,惠普,2825,满减,银联,已付
20831,3224,2025-03-14,深圳,36-45,食品,德芙,3916,无优惠,银联,已付
20832,1917,2025-03-24,广州,46-55,玩具,万代,3817,满减,银联,已付
20833,6434,2025-03-25,杭州,56+,食品,百草味,4418,无优惠,微信,已付
20834,9753,2025-03-20,上海,26-35,服饰,优衣库,2807,满减,银联,已付
20835,6152,2025-03-14,济南,56+,日用品,蓝月亮,4904,无优惠,支付宝,已付
20836,8404,2025-03-31,北京,36-45,日用品,舒肤佳,4100,无优惠,支付宝,已付
20837,4311,2025-03-18,深圳,56+,服饰,李宁,948,满减,微信,已付
20838,6572,2025-03-11,成都,56+,手机,OPPO,4125,无优惠,微信,已付
20839,3174,2025-03-24,郑州,36-45,食品,良品铺子,833,折扣券,银联,已付
20840,1721,2025-03-15,北京,46-55,日用品,妙洁,977,无优惠,支付宝,已付
20841,6119,2025-03-30,济南,18-25,食品,德芙,406,无优惠,银联,已付
20842,5532,2025-03-09,济南,36-45,美妆,花西子,1671,无优惠,支付宝,已付
20843,2875,2025-03-26,南京,46-55,电脑,惠普,1252,无优惠,支付宝,已付
20844,6218,2025-03-09,济南,56+,玩具,乐高,1721,折扣券,支付宝,已付
20845,6549,2025-03-17,广州,36-45,家居,水星,1432,无优惠,支付宝,已付
20846,2735,2025-03-26,成都,18-25,家电,美的,3885,折扣券,微信,已付
20847,8304,2025-03-21,北京,18-25,日用品,清风,1495,折扣券,银联,已付
20848,2286,2025-03-28,南京,36-45,食品,良品铺子,5869,折扣券,银联,已付
20849,8625,2025-03-23,济南,26-35,电脑,华硕,825,满减,支付宝,已付
20850,4004,2025-03-24,深圳,26-35,家电,九阳,2142,满减,支付宝,已付
20851,8787,2025-03-31,石家庄,36-45,食品,德芙,4022,无优惠,微信,已付
20852,3087,2025-03-12,南京,46-55,保健品,善存,2341,满减,银联,已付
20853,5949,2025-03-25,上海,46-55,电脑,惠普,4584,折扣券,微信,已付
20854,9977,2025-03-26,成都,46-55,家居,顾家,1983,折扣券,微信,已付
20855,8063,2025-03-14,成都,46-55,电脑,惠普,1734,折扣券,银联,已付
20856,2276,2025-03-22,济南,36-45,玩具,孩之宝,1446,折扣券,银联,已付
20857,2599,2025-03-31,济南,46-55,电脑,宏碁,4912,满减,支付宝,已付
20858,7208,2025-03-23,广州,36-45,日用品,舒肤佳,4929,无优惠,银联,已付
20859,1003,2025-03-19,成都,18-25,电脑,戴尔,1167,折扣券,银联,已付
20860,8326,2025-03-13,石家庄,26-35,保健品,Swisse,3223,折扣券,银联,已付
20861,6640,2025-03-15,深圳,36-45,服饰,太平鸟,5595,满减,支付宝,已付
20862,2022,2025-03-11,济南,18-25,家居,芝华仕,3340,无优惠,支付宝,已付
20863,1510,2025-03-20,郑州,18-25,手机,vivo,2971,无优惠,支付宝,已付
20864,7251,2025-03-16,武汉,56+,日用品,洁丽雅,5859,满减,支付宝,已付
20865,7301,2025-03-22,郑州,26-35,家电,苏泊尔,1168,无优惠,银联,已付
20866,1257,2025-03-20,武汉,26-35,服饰,李宁,1129,无优惠,微信,已付
20867,8471,2025-03-13,成都,46-55,家电,美的,1153,折扣券,支付宝,已付
20868,8373,2025-03-31,济南,46-55,家居,水星,3751,折扣券,支付宝,已付
20869,9161,2025-03-21,南京,26-35,家电,苏泊尔,4981,无优惠,银联,已付
20870,1620,2025-03-16,郑州,36-45,日用品,妙洁,4750,满减,微信,已付
20871,3327,2025-03-27,成都,36-45,电脑,宏碁,3973,折扣券,微信,已付
20872,5017,2025-03-25,杭州,46-55,玩具,乐高,4316,折扣券,微信,已付
20873,6628,2025-03-24,石家庄,18-25,玩具,任天堂,2588,折扣券,微信,已付
20874,7897,2025-03-26,北京,46-55,保健品,Move Free,4730,折扣券,支付宝,已付
20875,5981,2025-03-20,杭州,36-45,家电,美的,5722,折扣券,银联,已付
20876,5780,2025-03-27,杭州,18-25,保健品,善存,4721,无优惠,银联,已付
20877,5552,2025-03-28,北京,36-45,保健品,汤臣倍健,1067,折扣券,微信,已付
20878,2827,2025-03-17,广州,56+,服饰,安踏,2133,无优惠,银联,已付
20879,4869,2025-03-28,广州,56+,家电,苏泊尔,3058,无优惠,支付宝,已付
20880,3525,2025-03-24,广州,56+,手机,苹果,720,无优惠,银联,已付
20881,4454,2025-03-24,武汉,46-55,美妆,完美日记,5976,折扣券,微信,已付
20882,7533,2025-03-27,南京,18-25,服饰,优衣库,459,无优惠,支付宝,已付
20883,7390,2025-03-24,杭州,46-55,玩具,孩之宝,3140,折扣券,银联,已付
20884,7258,2025-03-24,杭州,26-35,玩具,小熊,126,满减,支付宝,已付
20885,8074,2025-03-30,南京,56+,手机,华为,4381,折扣券,支付宝,已付
20886,7408,2025-03-28,石家庄,36-45,食品,奥利奥,2216,无优惠,支付宝,已付
20887,3947,2025-03-23,石家庄,26-35,家居,水星,4288,满减,银联,已付
20888,9605,2025-03-19,郑州,18-25,手机,华为,126,满减,微信,已付
20889,4163,2025-03-12,石家庄,46-55,食品,良品铺子,5970,满减,支付宝,已付
20890,2995,2025-03-10,北京,56+,电脑,联想,4896,折扣券,微信,已付
20891,4027,2025-03-31,上海,18-25,家居,水星,3108,折扣券,银联,已付
20892,8429,2025-03-12,广州,36-45,服饰,波司登,5439,无优惠,银联,已付
20893,7271,2025-03-17,武汉,36-45,服饰,李宁,635,满减,微信,已付
20894,9056,2025-03-21,南京,18-25,服饰,安踏,1486,满减,微信,已付
20895,8065,2025-03-15,济南,46-55,家电,苏泊尔,917,无优惠,银联,已付
20896,2153,2025-03-15,济南,18-25,保健品,Swisse,875,无优惠,微信,已付
20897,1014,2025-03-27,杭州,46-55,手机,OPPO,1248,折扣券,银联,已付
20898,1060,2025-03-10,石家庄,46-55,服饰,李宁,5763,满减,支付宝,已付
20899,4700,2025-03-25,成都,46-55,日用品,清风,5990,无优惠,银联,已付
20900,5961,2025-03-09,武汉,46-55,电脑,宏碁,4414,满减,支付宝,已付
20901,5750,2025-03-21,北京,18-25,食品,百草味,2814,无优惠,支付宝,已付
20902,5896,2025-03-29,深圳,26-35,玩具,乐高,3176,折扣券,微信,已付
20903,4104,2025-03-31,武汉,18-25,食品,德芙,724,折扣券,支付宝,已付
20904,2032,2025-03-13,北京,26-35,手机,vivo,1982,满减,支付宝,已付
20905,1918,2025-03-26,石家庄,36-45,保健品,Move Free,163,无优惠,支付宝,已付
20906,8509,2025-03-19,北京,46-55,电脑,戴尔,5385,折扣券,银联,已付
20907,3319,2025-03-30,郑州,26-35,家居,水星,619,无优惠,银联,已付
20908,3138,2025-03-24,石家庄,18-25,保健品,汤臣倍健,2017,折扣券,银联,已付
20909,2047,2025-03-09,广州,18-25,服饰,优衣库,3766,折扣券,微信,已付
20910,7983,2025-03-12,上海,46-55,家居,芝华仕,1835,无优惠,微信,已付
20911,3250,2025-03-19,石家庄,46-55,食品,三只松鼠,5633,折扣券,银联,已付
20912,5487,2025-03-19,深圳,18-25,家居,水星,2777,无优惠,微信,已付
20913,1666,2025-03-13,武汉,26-35,食品,百草味,1380,满减,微信,已付
20914,1104,2025-03-13,上海,56+,日用品,蓝月亮,157,满减,微信,已付
20915,3079,2025-03-09,广州,18-25,家居,慕思,3438,折扣券,支付宝,已付
20916,1616,2025-03-15,广州,36-45,玩具,小熊,3404,无优惠,微信,已付
20917,7861,2025-03-28,广州,46-55,家居,罗莱,5166,满减,支付宝,已付
20918,6929,2025-03-09,郑州,26-35,美妆,兰蔻,4372,无优惠,银联,已付
20919,2846,2025-03-26,郑州,26-35,保健品,善存,2293,无优惠,微信,已付
20920,1885,2025-03-13,石家庄,46-55,保健品,善存,1337,折扣券,微信,已付
20921,8424,2025-03-29,南京,36-45,美妆,完美日记,2088,满减,银联,已付
20922,9436,2025-03-10,上海,18-25,玩具,孩之宝,1323,无优惠,支付宝,已付
20923,6336,2025-03-12,上海,26-35,保健品,Swisse,3461,无优惠,银联,已付
20924,4276,2025-03-16,上海,36-45,美妆,兰蔻,1971,折扣券,支付宝,已付
20925,4541,2025-03-21,深圳,18-25,保健品,Move Free,474,满减,微信,已付
20926,4181,2025-03-28,成都,26-35,日用品,洁丽雅,1146,满减,银联,已付
20927,1977,2025-03-29,南京,36-45,美妆,花西子,1071,无优惠,银联,已付
20928,4602,2025-03-17,广州,18-25,保健品,Move Free,3455,无优惠,支付宝,已付
20929,2416,2025-03-18,济南,26-35,家居,水星,4764,折扣券,微信,已付
20930,1237,2025-03-22,郑州,46-55,美妆,迪奥,3907,满减,支付宝,已付
20931,3440,2025-03-22,深圳,26-35,食品,德芙,4775,无优惠,银联,已付
20932,1550,2025-03-27,北京,46-55,手机,华为,3884,折扣券,银联,已付
20933,2361,2025-03-22,郑州,46-55,保健品,汤臣倍健,3735,满减,微信,已付
20934,2486,2025-03-26,北京,46-55,美妆,雅诗兰黛,2965,满减,微信,已付
20935,1399,2025-03-09,成都,36-45,家电,苏泊尔,4701,折扣券,银联,已付
20936,1022,2025-03-23,成都,26-35,日用品,蓝月亮,3063,折扣券,支付宝,已付
20937,5420,2025-03-29,上海,46-55,食品,百草味,296,满减,支付宝,已付
20938,6500,2025-03-31,济南,56+,家居,水星,5637,无优惠,银联,已付
20939,1669,2025-03-10,郑州,36-45,手机,华为,3166,满减,支付宝,已付
20940,3267,2025-03-20,南京,26-35,玩具,乐高,4622,折扣券,微信,已付
20941,4693,2025-03-19,深圳,56+,电脑,华硕,4781,折扣券,微信,已付
20942,7108,2025-03-19,南京,36-45,玩具,小熊,2299,无优惠,微信,已付
20943,9714,2025-03-20,成都,46-55,玩具,任天堂,1034,满减,银联,已付
20944,4085,2025-03-30,郑州,36-45,保健品,Swisse,5544,折扣券,微信,已付
20945,3699,2025-03-23,上海,18-25,日用品,蓝月亮,2391,无优惠,微信,已付
20946,1371,2025-03-17,上海,26-35,保健品,善存,1702,折扣券,银联,已付
20947,1351,2025-03-18,武汉,56+,家电,苏泊尔,2869,满减,支付宝,已付
20948,7745,2025-03-18,深圳,18-25,手机,小米,4285,折扣券,支付宝,已付
20949,3161,2025-03-27,南京,36-45,保健品,Move Free,3780,满减,银联,已付
20950,3430,2025-03-18,广州,36-45,美妆,完美日记,3075,满减,微信,已付
20951,5673,2025-03-20,杭州,46-55,家电,九阳,1346,折扣券,银联,已付
20952,3072,2025-03-14,广州,26-35,家电,格力,986,无优惠,支付宝,已付
20953,6192,2025-03-23,杭州,36-45,家电,格力,4636,折扣券,微信,已付
20954,1408,2025-03-20,广州,36-45,保健品,善存,4400,满减,微信,已付
20955,9948,2025-03-21,成都,26-35,保健品,Swisse,1307,无优惠,银联,已付
20956,8243,2025-03-25,南京,36-45,保健品,Swisse,4728,折扣券,微信,已付
20957,6047,2025-03-19,上海,46-55,手机,小米,5583,折扣券,微信,已付
20958,1901,2025-03-09,武汉,56+,美妆,完美日记,2956,无优惠,支付宝,已付
20959,1369,2025-03-28,石家庄,26-35,家居,芝华仕,1848,满减,微信,已付
20960,6206,2025-03-11,郑州,46-55,电脑,宏碁,3260,无优惠,支付宝,已付
20961,8006,2025-03-28,济南,56+,手机,苹果,3285,无优惠,银联,已付
20962,8300,2025-03-20,武汉,36-45,手机,苹果,2854,满减,支付宝,已付
20963,7944,2025-03-26,上海,26-35,保健品,Move Free,3653,满减,微信,已付
20964,8776,2025-03-22,广州,56+,家居,罗莱,1205,无优惠,支付宝,已付
20965,5478,2025-03-25,南京,18-25,家居,顾家,753,无优惠,支付宝,已付
20966,5742,2025-03-22,广州,56+,保健品,善存,1661,无优惠,支付宝,已付
20967,8593,2025-03-26,成都,18-25,服饰,太平鸟,2518,满减,银联,已付
20968,8742,2025-03-16,北京,18-25,家电,海尔,2487,折扣券,银联,已付
20969,5009,2025-03-12,石家庄,36-45,日用品,蓝月亮,4058,折扣券,银联,已付
20970,8872,2025-03-09,上海,36-45,保健品,汤臣倍健,4935,折扣券,支付宝,已付
20971,1287,2025-03-27,武汉,36-45,保健品,汤臣倍健,3086,折扣券,银联,已付
20972,3219,2025-03-17,广州,56+,手机,小米,2647,满减,银联,已付
20973,1798,2025-03-20,广州,18-25,服饰,安踏,3465,折扣券,支付宝,已付
20974,2548,2025-03-18,杭州,56+,电脑,宏碁,1616,折扣券,微信,已付
20975,6939,2025-03-28,广州,56+,食品,奥利奥,5640,满减,支付宝,已付
20976,5610,2025-03-12,郑州,56+,食品,良品铺子,134,无优惠,银联,已付
20977,9247,2025-03-20,成都,46-55,食品,良品铺子,868,无优惠,微信,已付
20978,2867,2025-03-16,深圳,56+,家居,芝华仕,4387,折扣券,银联,已付
20979,6104,2025-03-22,成都,18-25,电脑,戴尔,171,满减,支付宝,已付
20980,1471,2025-03-31,南京,26-35,保健品,Swisse,1439,折扣券,支付宝,已付
20981,3133,2025-03-12,深圳,26-35,家电,格力,2547,无优惠,微信,已付
20982,4217,2025-03-11,武汉,18-25,电脑,联想,3996,满减,微信,已付
20983,1709,2025-03-12,北京,56+,家居,罗莱,3871,无优惠,支付宝,已付
20984,4277,2025-03-11,杭州,18-25,电脑,联想,4958,无优惠,银联,已付
20985,6698,2025-03-14,石家庄,36-45,手机,华为,1221,折扣券,支付宝,已付
20986,2623,2025-03-20,广州,56+,家居,水星,4165,折扣券,微信,已付
20987,1070,2025-03-27,北京,56+,美妆,雅诗兰黛,2337,无优惠,银联,已付
20988,8203,2025-03-12,深圳,56+,保健品,Swisse,5748,折扣券,微信,已付
20989,4728,2025-03-30,上海,26-35,食品,德芙,3503,无优惠,银联,已付
20990,9123,2025-03-22,上海,36-45,电脑,华硕,932,折扣券,微信,已付
20991,7304,2025-03-20,杭州,56+,手机,华为,2716,满减,微信,已付
20992,5761,2025-03-18,成都,56+,服饰,波司登,1879,折扣券,支付宝,已付
20993,9055,2025-03-22,深圳,18-25,保健品,Swisse,1497,无优惠,银联,已付
20994,7563,2025-03-30,上海,46-55,保健品,汤臣倍健,1005,无优惠,支付宝,已付
20995,4281,2025-03-31,济南,18-25,家电,美的,3008,无优惠,支付宝,已付
20996,5472,2025-03-28,武汉,18-25,美妆,完美日记,5969,满减,支付宝,已付
20997,3414,2025-03-29,武汉,36-45,保健品,Move Free,3998,折扣券,支付宝,已付
20998,3205,2025-03-23,上海,18-25,服饰,波司登,4102,无优惠,银联,已付
20999,7269,2025-03-09,上海,18-25,电脑,华硕,5584,无优惠,微信,已付
21000,2253,2025-03-28,石家庄,36-45,家电,海尔,5124,折扣券,微信,已付
